path	codec	height	container_fps	decode_fps_1	decode_fps_2	interlaced	progressive	verdict
/Volumes/nas/media/archive/A Fistful of Dollars.mkv	mpeg2video	480	30000/1001	24.00	24.00	0	609	SOFT_TC_NO_FILTER
/Volumes/nas/media/archive/A Night at the Roxbury (1998).mkv	mpeg2video	480	30000/1001	24.00	24.00	0	720	SOFT_TC_NO_FILTER
/Volumes/nas/media/archive/A Christmas Story.mkv	mpeg2video	480	30000/1001	24.00	24.00	0	719	SOFT_TC_NO_FILTER
/Volumes/nas/media/archive/A View to a Kill.mkv	mpeg2video	480	30000/1001	24.00	24.00	0	720	SOFT_TC_NO_FILTER
/Volumes/nas/media/archive/Accepted (2006).mkv	mpeg2video	480	30000/1001	24.00	24.00	0	720	SOFT_TC_NO_FILTER
/Volumes/nas/media/archive/Addams Family Values (1993).mkv	mpeg2video	480	30000/1001	24.00	24.00	0	720	SOFT_TC_NO_FILTER
/Volumes/nas/media/archive/Air Force One.mkv	mpeg2video	480	30000/1001	24.00	24.00	0	720	SOFT_TC_NO_FILTER
/Volumes/nas/media/archive/After the Sunset.m4v	h264	478	48000/1001	24.00	24.00	0	720	SOFT_TC_NO_FILTER
/Volumes/nas/media/archive/Airheads.mkv	mpeg2video	480	30000/1001	24.00	24.00	0	719	SOFT_TC_NO_FILTER
/Volumes/nas/media/archive/Aladdin (1992).mkv	mpeg2video	480	30000/1001	24.00	24.00	0	700	SOFT_TC_NO_FILTER
/Volumes/nas/media/archive/Alexander and the Terrible, Horrible, No Good, Very Bad Day (2014).mkv	mpeg2video	480	30000/1001	24.00	24.00	0	720	SOFT_TC_NO_FILTER
/Volumes/nas/media/archive/Alien (1979).mkv	mpeg2video	480	30000/1001	24.00	24.00	0	678	SOFT_TC_NO_FILTER
/Volumes/nas/media/archive/Alien vs Predator.mkv	mpeg2video	480	30000/1001	24.00	24.00	0	720	SOFT_TC_NO_FILTER
/Volumes/nas/media/archive/Alien3 (1992).mkv	mpeg2video	480	30000/1001	24.00	24.00	0	716	SOFT_TC_NO_FILTER
/Volumes/nas/media/archive/Aliens.mkv	mpeg2video	480	30000/1001	24.00	24.00	0	720	SOFT_TC_NO_FILTER
/Volumes/nas/media/archive/American Outlaws (2001).mkv	mpeg2video	480	30000/1001	24.00	24.00	0	720	SOFT_TC_NO_FILTER
/Volumes/nas/media/archive/American Sniper.mp4	h264	480	30000/1001	30.00	30.00	0	900	TRUE_2997_VIDEO
/Volumes/nas/media/archive/Apollo 13.mkv	mpeg2video	480	30000/1001	24.00	24.00	0	709	SOFT_TC_NO_FILTER
/Volumes/nas/media/archive/ash vs evil dead/Ash vs Evil Dead - s01e01 - El Jefe.mkv	mpeg2video	480	30000/1001	24.00	24.00	0	720	SOFT_TC_NO_FILTER
/Volumes/nas/media/archive/ash vs evil dead/Ash vs Evil Dead - s01e02 - Bait.mkv	mpeg2video	480	30000/1001	24.00	24.00	0	719	SOFT_TC_NO_FILTER
/Volumes/nas/media/archive/ash vs evil dead/Ash vs Evil Dead - s01e03 - Books from Beyond.mkv	mpeg2video	480	30000/1001	24.00	24.00	0	720	SOFT_TC_NO_FILTER
/Volumes/nas/media/archive/ash vs evil dead/Ash vs Evil Dead - s01e04 - Brujo.mkv	mpeg2video	480	30000/1001	24.00	24.00	0	720	SOFT_TC_NO_FILTER
/Volumes/nas/media/archive/ash vs evil dead/Ash vs Evil Dead - s01e05 - The Host.mkv	mpeg2video	480	30000/1001	24.00	24.00	0	720	SOFT_TC_NO_FILTER
/Volumes/nas/media/archive/ash vs evil dead/Ash vs Evil Dead - s01e06 - The Killer of Killers.mkv	mpeg2video	480	30000/1001	24.00	24.00	0	719	SOFT_TC_NO_FILTER
/Volumes/nas/media/archive/ash vs evil dead/Ash vs Evil Dead - s01e07 - Fire in the Hole.mkv	mpeg2video	480	30000/1001	24.00	24.00	0	719	SOFT_TC_NO_FILTER
/Volumes/nas/media/archive/ash vs evil dead/Ash vs Evil Dead - s01e08 - Ashes to Ashes.mkv	mpeg2video	480	30000/1001	24.00	24.00	0	719	SOFT_TC_NO_FILTER
/Volumes/nas/media/archive/ash vs evil dead/Ash vs Evil Dead - s01e09 - Bound in Flesh.mkv	mpeg2video	480	30000/1001	24.00	24.00	0	719	SOFT_TC_NO_FILTER
/Volumes/nas/media/archive/ash vs evil dead/Ash vs Evil Dead - s01e10 - The Dark One.mkv	mpeg2video	480	30000/1001	24.00	24.00	0	720	SOFT_TC_NO_FILTER
/Volumes/nas/media/archive/ash vs evil dead/Ash vs Evil Dead - s02e01 - Home.mkv	mpeg2video	480	30000/1001	24.00	24.00	0	720	SOFT_TC_NO_FILTER
/Volumes/nas/media/archive/ash vs evil dead/Ash vs Evil Dead - s02e02 - The Morgue.mkv	mpeg2video	480	30000/1001	24.00	24.00	0	720	SOFT_TC_NO_FILTER
/Volumes/nas/media/archive/ash vs evil dead/Ash vs Evil Dead - s02e03 - Last Call.mkv	mpeg2video	480	30000/1001	24.00	24.00	0	720	SOFT_TC_NO_FILTER
/Volumes/nas/media/archive/ash vs evil dead/Ash vs Evil Dead - s02e04 - DUI.mkv	mpeg2video	480	30000/1001	24.00	24.00	0	720	SOFT_TC_NO_FILTER
/Volumes/nas/media/archive/ash vs evil dead/Ash vs Evil Dead - s02e05 - Confinement.mkv	mpeg2video	480	30000/1001	24.00	24.00	0	720	SOFT_TC_NO_FILTER
/Volumes/nas/media/archive/ash vs evil dead/Ash vs Evil Dead - s02e06 - Trapped Inside.mkv	mpeg2video	480	30000/1001	24.00	24.00	0	720	SOFT_TC_NO_FILTER
/Volumes/nas/media/archive/ash vs evil dead/Ash vs Evil Dead - s02e07 - Delusion.mkv	mpeg2video	480	30000/1001	24.00	24.00	0	719	SOFT_TC_NO_FILTER
/Volumes/nas/media/archive/ash vs evil dead/Ash vs Evil Dead - s02e08 - Ashy Slashy.mkv	mpeg2video	480	30000/1001	24.00	24.00	0	719	SOFT_TC_NO_FILTER
/Volumes/nas/media/archive/ash vs evil dead/Ash vs Evil Dead - s02e09 - Home Again.mkv	mpeg2video	480	30000/1001	24.00	24.00	0	720	SOFT_TC_NO_FILTER
/Volumes/nas/media/archive/ash vs evil dead/Ash vs Evil Dead - s02e10 - Second Coming.mkv	mpeg2video	480	30000/1001	24.00	24.00	0	720	SOFT_TC_NO_FILTER
/Volumes/nas/media/archive/ash vs evil dead/Ash vs Evil Dead - s03e01 - Family.mkv	mpeg2video	480	30000/1001	24.00	24.00	0	655	SOFT_TC_NO_FILTER
/Volumes/nas/media/archive/ash vs evil dead/Ash vs Evil Dead - s03e02 - Booth Tree.mkv	mpeg2video	480	30000/1001	24.00	24.00	0	720	SOFT_TC_NO_FILTER
/Volumes/nas/media/archive/ash vs evil dead/Ash vs Evil Dead - s03e03 - Apparently Dead.mkv	mpeg2video	480	30000/1001	24.00	24.00	0	720	SOFT_TC_NO_FILTER
/Volumes/nas/media/archive/ash vs evil dead/Ash vs Evil Dead - s03e04 - Unfinished Business.mkv	mpeg2video	480	30000/1001	24.00	24.00	0	720	SOFT_TC_NO_FILTER
/Volumes/nas/media/archive/ash vs evil dead/Ash vs Evil Dead - s03e06 - Tales from the Rift.mkv	mpeg2video	480	30000/1001	24.00	24.00	0	720	SOFT_TC_NO_FILTER
/Volumes/nas/media/archive/ash vs evil dead/Ash vs Evil Dead - s03e05 - Baby Proof.mkv	mpeg2video	480	30000/1001	24.00	24.00	0	711	SOFT_TC_NO_FILTER
/Volumes/nas/media/archive/ash vs evil dead/Ash vs Evil Dead - s03e07 - Twist and Shout.mkv	mpeg2video	480	30000/1001	24.00	24.00	0	720	SOFT_TC_NO_FILTER
/Volumes/nas/media/archive/ash vs evil dead/Ash vs Evil Dead - s03e08 - Rifting Apart.mkv	mpeg2video	480	30000/1001	24.00	24.00	0	720	SOFT_TC_NO_FILTER
/Volumes/nas/media/archive/ash vs evil dead/Ash vs Evil Dead - s03e09 - Judgement Day.mkv	mpeg2video	480	30000/1001	24.00	24.00	0	720	SOFT_TC_NO_FILTER
/Volumes/nas/media/archive/ash vs evil dead/Ash vs Evil Dead - s03e10 - The Mettle of Man.mkv	mpeg2video	480	30000/1001	24.00	24.00	0	720	SOFT_TC_NO_FILTER
/Volumes/nas/media/archive/Austin Powers International Man of Mystery.mkv	mpeg2video	480	30000/1001	24.00	24.00	0	717	SOFT_TC_NO_FILTER
/Volumes/nas/media/archive/Austin Powers The Spy Who Shagged Me.mkv	mpeg2video	480	30000/1001	24.00	24.06	0	720	SOFT_TC_NO_FILTER
/Volumes/nas/media/archive/Back to the Future (1985).mkv	mpeg2video	480	30000/1001	24.00	24.00	0	720	SOFT_TC_NO_FILTER
/Volumes/nas/media/archive/Back to the Future Part 2 (1989).mkv	mpeg2video	480	30000/1001	24.00	24.00	0	720	SOFT_TC_NO_FILTER
/Volumes/nas/media/archive/Back to the Future Part 3 (1990).mkv	mpeg2video	480	30000/1001	24.00	24.00	0	720	SOFT_TC_NO_FILTER
/Volumes/nas/media/archive/Bad Boys 2 (2003).mkv	mpeg2video	480	30000/1001	24.00	24.00	0	720	SOFT_TC_NO_FILTER
/Volumes/nas/media/archive/Bad Boys.mkv	mpeg2video	480	30000/1001	24.00	24.00	0	720	SOFT_TC_NO_FILTER
/Volumes/nas/media/archive/Balls Of Fury.mkv	mpeg2video	480	30000/1001	24.00	24.00	0	719	SOFT_TC_NO_FILTER
/Volumes/nas/media/archive/Bandits.mkv	mpeg2video	480	30000/1001	24.00	24.03	0	720	SOFT_TC_NO_FILTER
/Volumes/nas/media/archive/Batman Begins.mkv	mpeg2video	480	30000/1001	24.00	24.00	0	720	SOFT_TC_NO_FILTER
/Volumes/nas/media/archive/Batman Forever.mkv	mpeg2video	480	30000/1001	24.00	24.00	0	719	SOFT_TC_NO_FILTER
/Volumes/nas/media/archive/Batman(1989).mkv	mpeg2video	480	30000/1001	24.00	24.00	0	720	SOFT_TC_NO_FILTER
/Volumes/nas/media/archive/Bedazzled.mkv	mpeg2video	480	30000/1001	24.00	24.00	0	720	SOFT_TC_NO_FILTER
/Volumes/nas/media/archive/Bedtime Stories.mkv	mpeg2video	480	30000/1001	24.00	24.00	0	720	SOFT_TC_NO_FILTER
/Volumes/nas/media/archive/Beetlejuice.mkv	mpeg2video	480	30000/1001	24.00	24.00	0	687	SOFT_TC_NO_FILTER
/Volumes/nas/media/archive/Behind Enemy LInes.mkv	mpeg2video	480	30000/1001	24.00	24.00	0	720	SOFT_TC_NO_FILTER
/Volumes/nas/media/archive/Big Hero 6.mkv	mpeg2video	480	30000/1001	24.00	24.00	0	713	SOFT_TC_NO_FILTER
/Volumes/nas/media/archive/Bill and Teds Bogus Journey.mkv	mpeg2video	480	30000/1001	24.00	24.00	0	719	SOFT_TC_NO_FILTER
/Volumes/nas/media/archive/Bill and Teds Excellent Adventure.mkv	mpeg2video	480	30000/1001	24.06	24.00	4	718	SOFT_TC_NO_FILTER
/Volumes/nas/media/archive/Billy Madison.mkv	mpeg2video	480	30000/1001	24.00	24.00	0	708	SOFT_TC_NO_FILTER
/Volumes/nas/media/archive/Black Sheep (1996) .mkv	mpeg2video	480	30000/1001	24.00	24.00	0	719	SOFT_TC_NO_FILTER
/Volumes/nas/media/archive/Black Hawk Down.mkv	mpeg2video	480	30000/1001	24.00	24.00	0	720	SOFT_TC_NO_FILTER
/Volumes/nas/media/archive/Blades of Glory.mkv	mpeg2video	480	30000/1001	24.00	24.00	0	719	SOFT_TC_NO_FILTER
/Volumes/nas/media/archive/bluray/2 Fast 2 Furious (2003).mkv	h264	1080	24000/1001	24.00	24.00	0	720	SOFT_TC_NO_FILTER
/Volumes/nas/media/archive/bluray/Dune - Part 1 (2021).mkv	h264	1080	24000/1001	24.00	24.00	0	719	SOFT_TC_NO_FILTER
/Volumes/nas/media/archive/bluray/Dune - Part 2 (2024).mkv	h264	1080	24000/1001	24.00	24.00	0	720	SOFT_TC_NO_FILTER
/Volumes/nas/media/archive/bluray/Army of Darkness_t00.mkv	vc1	1080	24000/1001	24.00	24.00	0	720	SOFT_TC_NO_FILTER
/Volumes/nas/media/archive/bluray/Furious 7 (2015).mkv	h264	1080	24000/1001	24.00	24.00	0	720	SOFT_TC_NO_FILTER
/Volumes/nas/media/archive/bluray/Fast Five (2011).mkv	h264	1080	24000/1001	24.00	24.00	0	720	SOFT_TC_NO_FILTER
/Volumes/nas/media/archive/bluray/Hot Fuzz (2007).mkv	vc1	1080	24000/1001	24.00	24.00	0	720	SOFT_TC_NO_FILTER
/Volumes/nas/media/archive/bluray/Inglourious Basterds (2009).mkv	h264	1080	24000/1001	24.00	24.00	0	696	SOFT_TC_NO_FILTER
/Volumes/nas/media/archive/bluray/Pulp Fiction_t00.mkv	h264	1080	24000/1001	24.00	24.00	0	720	SOFT_TC_NO_FILTER
/Volumes/nas/media/archive/bluray/Shaun of the Dead (2004).mkv	h264	1080	24000/1001	24.00	24.00	0	720	SOFT_TC_NO_FILTER
/Volumes/nas/media/archive/bluray/The Fate of the Furious (2017).mkv	h264	1080	24000/1001	24.00	24.00	0	720	SOFT_TC_NO_FILTER
/Volumes/nas/media/archive/bluray/The Fast and the Furious - Tokyo Drift (2006).mkv	h264	1080	24000/1001	24.00	24.00	0	720	SOFT_TC_NO_FILTER
/Volumes/nas/media/archive/bluray/The Fast and the Furious_t00.mkv	vc1	1080	24000/1001	24.00	24.00	0	720	SOFT_TC_NO_FILTER
/Volumes/nas/media/archive/Braindead.mkv	mpeg2video	480	30000/1001	24.00	24.26	0	720	SOFT_TC_NO_FILTER
/Volumes/nas/media/archive/Bruce Almighty.mkv	mpeg2video	480	30000/1001	24.00	24.00	0	719	SOFT_TC_NO_FILTER
/Volumes/nas/media/archive/bluray/The Mummy_t00.mkv	vc1	1080	24000/1001	24.00	24.00	0	720	SOFT_TC_NO_FILTER
/Volumes/nas/media/archive/bluray/The Mummy Returns (2001).mkv	vc1	1080	24000/1001	24.00	24.00	0	720	SOFT_TC_NO_FILTER
/Volumes/nas/media/archive/Bubba HoTep (2002).mkv	mpeg2video	480	30000/1001	24.00	24.00	0	720	SOFT_TC_NO_FILTER
/Volumes/nas/media/archive/Buffy the Vampire Slayer (1992).mkv	mpeg2video	480	30000/1001	24.00	24.00	0	652	SOFT_TC_NO_FILTER
/Volumes/nas/media/archive/buffy/Buffy the Vampire Slayer - s01e01 - Welcome to the Hellmouth.mkv	mpeg2video	480	30000/1001	24.13	24.10	0	723	SOFT_TC_NO_FILTER
/Volumes/nas/media/archive/buffy/Buffy the Vampire Slayer - s01e02 - the Harvest.mkv	mpeg2video	480	30000/1001	24.13	24.20	135	547	SOFT_TC_NO_FILTER
/Volumes/nas/media/archive/buffy/Buffy the Vampire Slayer - s01e03 - Witch.mkv	mpeg2video	480	30000/1001	25.46	23.96	239	525	INTERLACED_NEEDS_IVTC
/Volumes/nas/media/archive/buffy/Buffy the Vampire Slayer - s01e04 - Teachers Pet.mkv	mpeg2video	480	30000/1001	23.93	24.00	0	718	SOFT_TC_NO_FILTER
/Volumes/nas/media/archive/buffy/Buffy the Vampire Slayer - s01e05 - Never Kill a Boy on the First Date.mkv	mpeg2video	480	30000/1001	23.96	24.00	0	719	SOFT_TC_NO_FILTER
/Volumes/nas/media/archive/buffy/Buffy the Vampire Slayer - s01e06 - The Pack.mkv	mpeg2video	480	30000/1001	24.00	24.06	36	683	SOFT_TC_NO_FILTER
/Volumes/nas/media/archive/buffy/Buffy the Vampire Slayer - s01e07 - Angel.mkv	mpeg2video	480	30000/1001	23.96	24.00	13	673	SOFT_TC_NO_FILTER
/Volumes/nas/media/archive/buffy/Buffy the Vampire Slayer - s01e08 - I, Robot... You, Jane.mkv	mpeg2video	480	30000/1001	24.10	23.96	4	719	SOFT_TC_NO_FILTER
/Volumes/nas/media/archive/buffy/Buffy the Vampire Slayer - s01e09 - The Puppet Show.mkv	mpeg2video	480	30000/1001	24.00	24.00	0	720	SOFT_TC_NO_FILTER
/Volumes/nas/media/archive/buffy/Buffy the Vampire Slayer - s01e10 - Nightmares.mkv	mpeg2video	480	30000/1001	24.23	24.00	74	653	SOFT_TC_NO_FILTER
/Volumes/nas/media/archive/buffy/Buffy the Vampire Slayer - s01e11 - Out of Mind, Out of Sight.mkv	mpeg2video	480	30000/1001	24.03	24.00	0	680	SOFT_TC_NO_FILTER
/Volumes/nas/media/archive/buffy/Buffy the Vampire Slayer - s01e12 - Prophecy Girl.mkv	mpeg2video	480	30000/1001	24.00	24.00	7	692	SOFT_TC_NO_FILTER
/Volumes/nas/media/archive/buffy/Buffy the Vampire Slayer - s02e01 - When She Was Bad.mkv	mpeg2video	480	30000/1001	24.30	24.13	58	671	SOFT_TC_NO_FILTER
/Volumes/nas/media/archive/buffy/Buffy the Vampire Slayer - s02e02 - Some Assembly Required.mkv	mpeg2video	480	30000/1001	24.36	25.33	330	400	MIXED_CADENCE
/Volumes/nas/media/archive/buffy/Buffy the Vampire Slayer - s02e03 - School Hard.mkv	mpeg2video	480	30000/1001	24.23	26.40	19	708	MIXED_CADENCE
/Volumes/nas/media/archive/buffy/Buffy the Vampire Slayer - s02e05 - Reptile Boy.mkv	mpeg2video	480	30000/1001	24.06	24.56	0	722	SOFT_TC_NO_FILTER
/Volumes/nas/media/archive/buffy/Buffy the Vampire Slayer - s02e04 - Inca Mummy Girl.mkv	mpeg2video	480	30000/1001	24.20	24.13	23	703	SOFT_TC_NO_FILTER
/Volumes/nas/media/archive/buffy/Buffy the Vampire Slayer - s02e06 - Halloween.mkv	mpeg2video	480	30000/1001	24.10	24.16	163	560	SOFT_TC_NO_FILTER
/Volumes/nas/media/archive/buffy/Buffy the Vampire Slayer - s02e07 - Lie to Me.mkv	mpeg2video	480	30000/1001	24.20	24.13	485	239	SOFT_TC_NO_FILTER
/Volumes/nas/media/archive/buffy/Buffy the Vampire Slayer - s02e08 - The Dark Age.mkv	mpeg2video	480	30000/1001	24.73	24.36	161	581	SOFT_TC_NO_FILTER
/Volumes/nas/media/archive/buffy/Buffy the Vampire Slayer - s02e09 - What's My Line Part 1.mkv	mpeg2video	480	30000/1001	24.03	24.63	194	473	SOFT_TC_NO_FILTER
/Volumes/nas/media/archive/buffy/Buffy the Vampire Slayer - s02e10 - What's My Line Part 2.mkv	mpeg2video	480	30000/1001	24.00	24.26	0	720	SOFT_TC_NO_FILTER
/Volumes/nas/media/archive/buffy/Buffy the Vampire Slayer - s02e11 - Ted.mkv	mpeg2video	480	30000/1001	24.20	24.16	117	609	SOFT_TC_NO_FILTER
/Volumes/nas/media/archive/buffy/Buffy the Vampire Slayer - s02e12 - Bad Eggs.mkv	mpeg2video	480	30000/1001	24.30	24.50	63	665	SOFT_TC_NO_FILTER
/Volumes/nas/media/archive/buffy/Buffy the Vampire Slayer - s02e13 - Surprise.mkv	mpeg2video	480	30000/1001	24.73	25.33	332	410	MIXED_CADENCE
/Volumes/nas/media/archive/buffy/Buffy the Vampire Slayer - s02e14 - Innocence.mkv	mpeg2video	480	30000/1001	24.53	24.10	439	296	SOFT_TC_NO_FILTER
/Volumes/nas/media/archive/buffy/Buffy the Vampire Slayer - s02e16 - Bewitched, Bothered, and Bewildered.mkv	mpeg2video	480	30000/1001	24.10	24.33	82	638	SOFT_TC_NO_FILTER
/Volumes/nas/media/archive/buffy/Buffy the Vampire Slayer - s02e15 - Phases.mkv	mpeg2video	480	30000/1001	24.16	24.06	25	700	SOFT_TC_NO_FILTER
/Volumes/nas/media/archive/buffy/Buffy the Vampire Slayer - s02e17 - Passion.mkv	mpeg2video	480	30000/1001	24.13	24.16	4	720	SOFT_TC_NO_FILTER
/Volumes/nas/media/archive/buffy/Buffy the Vampire Slayer - s02e18 - Killed by Death.mkv	mpeg2video	480	30000/1001	24.46	24.83	390	344	SOFT_TC_NO_FILTER
/Volumes/nas/media/archive/buffy/Buffy the Vampire Slayer - s02e19 - I Only Have Eyes For You.mkv	mpeg2video	480	30000/1001	24.30	24.20	88	632	SOFT_TC_NO_FILTER
/Volumes/nas/media/archive/buffy/Buffy the Vampire Slayer - s02e20 - Go Fish.mkv	mpeg2video	480	30000/1001	24.26	24.13	35	693	SOFT_TC_NO_FILTER
/Volumes/nas/media/archive/buffy/Buffy the Vampire Slayer - s02e21 - Becoming (Part 1).mkv	mpeg2video	480	30000/1001	24.23	24.23	17	710	SOFT_TC_NO_FILTER
/Volumes/nas/media/archive/buffy/Buffy the Vampire Slayer - s02e22 - Becoming (Part 2).mkv	mpeg2video	480	30000/1001	24.76	24.23	153	590	SOFT_TC_NO_FILTER
/Volumes/nas/media/archive/buffy/Buffy the Vampire Slayer - s03e01 - Anne.mkv	mpeg2video	480	30000/1001	24.00	24.00	0	719	SOFT_TC_NO_FILTER
/Volumes/nas/media/archive/buffy/Buffy the Vampire Slayer - s03e02 - Dead Mans Party.mkv	mpeg2video	480	30000/1001	24.00	24.06	0	719	SOFT_TC_NO_FILTER
/Volumes/nas/media/archive/buffy/Buffy the Vampire Slayer - s03e03 - Faith Hope and Trick.mkv	mpeg2video	480	30000/1001	24.00	24.00	0	720	SOFT_TC_NO_FILTER
/Volumes/nas/media/archive/buffy/Buffy the Vampire Slayer - s03e04 - Beauty and the Beasts.mkv	mpeg2video	480	30000/1001	24.00	24.00	0	703	SOFT_TC_NO_FILTER
/Volumes/nas/media/archive/buffy/Buffy the Vampire Slayer - s03e05 - Homecoming.mkv	mpeg2video	480	30000/1001	24.00	24.00	0	720	SOFT_TC_NO_FILTER
/Volumes/nas/media/archive/buffy/Buffy the Vampire Slayer - s03e06 - Band Candy.mkv	mpeg2video	480	30000/1001	24.00	24.00	0	720	SOFT_TC_NO_FILTER
/Volumes/nas/media/archive/buffy/Buffy the Vampire Slayer - s03e07 - Revelations.mkv	mpeg2video	480	30000/1001	24.00	24.00	0	719	SOFT_TC_NO_FILTER
/Volumes/nas/media/archive/buffy/Buffy the Vampire Slayer - s03e08 - Lovers Walk.mkv	mpeg2video	480	30000/1001	24.00	24.00	0	720	SOFT_TC_NO_FILTER
/Volumes/nas/media/archive/buffy/Buffy the Vampire Slayer - s03e09 - The Wish.mkv	mpeg2video	480	30000/1001	24.00	24.00	0	709	SOFT_TC_NO_FILTER
/Volumes/nas/media/archive/buffy/Buffy the Vampire Slayer - s03e10 - Amends.mkv	mpeg2video	480	30000/1001	24.00	24.00	0	720	SOFT_TC_NO_FILTER
/Volumes/nas/media/archive/buffy/Buffy the Vampire Slayer - s03e11 - Gingerbread.mkv	mpeg2video	480	30000/1001	24.03	24.00	0	721	SOFT_TC_NO_FILTER
/Volumes/nas/media/archive/buffy/Buffy the Vampire Slayer - s03e12 - Helpless.mkv	mpeg2video	480	30000/1001	24.00	24.00	76	634	SOFT_TC_NO_FILTER
/Volumes/nas/media/archive/buffy/Buffy the Vampire Slayer - s03e13 - The Zeppo.mkv	mpeg2video	480	30000/1001	24.13	24.00	0	724	SOFT_TC_NO_FILTER
/Volumes/nas/media/archive/buffy/Buffy the Vampire Slayer - s03e14 - Bad Girls.mkv	mpeg2video	480	30000/1001	24.26	24.10	41	686	SOFT_TC_NO_FILTER
/Volumes/nas/media/archive/buffy/Buffy the Vampire Slayer - s03e15 - Consequences.mkv	mpeg2video	480	30000/1001	24.10	24.00	56	661	SOFT_TC_NO_FILTER
/Volumes/nas/media/archive/buffy/Buffy the Vampire Slayer - s03e16 - Doppelgangland.mkv	mpeg2video	480	30000/1001	24.00	24.00	0	719	SOFT_TC_NO_FILTER
/Volumes/nas/media/archive/buffy/Buffy the Vampire Slayer - s03e17 - Enemies.mkv	mpeg2video	480	30000/1001	24.00	24.00	0	695	SOFT_TC_NO_FILTER
/Volumes/nas/media/archive/buffy/Buffy the Vampire Slayer - s03e18 - Earshot.mkv	mpeg2video	480	30000/1001	24.00	24.00	0	697	SOFT_TC_NO_FILTER
/Volumes/nas/media/archive/buffy/Buffy the Vampire Slayer - s03e19 - Choices.mkv	mpeg2video	480	30000/1001	24.00	24.00	0	720	SOFT_TC_NO_FILTER
/Volumes/nas/media/archive/buffy/Buffy the Vampire Slayer - s03e20 - The Prom.mkv	mpeg2video	480	30000/1001	24.03	24.06	0	721	SOFT_TC_NO_FILTER
/Volumes/nas/media/archive/buffy/Buffy the Vampire Slayer - s03e21 - Graduation Day 1.mkv	mpeg2video	480	30000/1001	24.06	24.00	47	668	SOFT_TC_NO_FILTER
/Volumes/nas/media/archive/buffy/Buffy the Vampire Slayer - s03e22 - Graduation Day 2.mkv	mpeg2video	480	30000/1001	24.00	24.00	0	690	SOFT_TC_NO_FILTER
/Volumes/nas/media/archive/buffy/Buffy the Vampire Slayer - s04e01 - The Freshman.mkv	mpeg2video	480	30000/1001	24.56	24.00	77	649	SOFT_TC_NO_FILTER
/Volumes/nas/media/archive/buffy/Buffy the Vampire Slayer - s04e02 - Living Conditions.mkv	mpeg2video	480	30000/1001	24.00	24.00	0	595	SOFT_TC_NO_FILTER
/Volumes/nas/media/archive/buffy/Buffy the Vampire Slayer - s04e03 - The Harsh Light of Day.mkv	mpeg2video	480	30000/1001	24.00	24.00	0	719	SOFT_TC_NO_FILTER
/Volumes/nas/media/archive/buffy/Buffy the Vampire Slayer - s04e04 - Fear Itself.mkv	mpeg2video	480	30000/1001	24.00	24.00	0	720	SOFT_TC_NO_FILTER
/Volumes/nas/media/archive/buffy/Buffy the Vampire Slayer - s04e05 - Beer Bad.mp4	h264	720	24000/1001	24.00	24.00	0	720	SOFT_TC_NO_FILTER
/Volumes/nas/media/archive/buffy/Buffy the Vampire Slayer - s04e06 - Wild at Heart.mp4	h264	720	24000/1001	24.00	24.00	0	710	SOFT_TC_NO_FILTER
/Volumes/nas/media/archive/buffy/Buffy the Vampire Slayer - s04e07 - The Initiative.mp4	h264	720	24000/1001	24.00	24.00	0	711	SOFT_TC_NO_FILTER
/Volumes/nas/media/archive/buffy/Buffy the Vampire Slayer - s04e08 - Pangs.mp4	h264	720	24000/1001	24.00	24.00	0	720	SOFT_TC_NO_FILTER
/Volumes/nas/media/archive/buffy/Buffy the Vampire Slayer - s04e09 - Something Blue.mkv	mpeg2video	480	30000/1001	24.00	24.00	0	720	SOFT_TC_NO_FILTER
/Volumes/nas/media/archive/buffy/Buffy the Vampire Slayer - s04e10 - Hush.mkv	mpeg2video	480	30000/1001	24.00	24.00	0	720	SOFT_TC_NO_FILTER
/Volumes/nas/media/archive/buffy/Buffy the Vampire Slayer - s04e11 - Doomed.mkv	mpeg2video	480	30000/1001	24.00	24.00	0	720	SOFT_TC_NO_FILTER
/Volumes/nas/media/archive/buffy/Buffy the Vampire Slayer - s04e12 - A New Man.mkv	mpeg2video	480	30000/1001	24.00	24.00	0	719	SOFT_TC_NO_FILTER
/Volumes/nas/media/archive/buffy/Buffy the Vampire Slayer - s04e13 - The I in Team.mkv	mpeg2video	480	30000/1001	26.46	24.00	369	422	INTERLACED_NEEDS_IVTC
/Volumes/nas/media/archive/buffy/Buffy the Vampire Slayer - s04e14 - Goodbye Iowa.mkv	mpeg2video	480	30000/1001	24.00	24.00	0	720	SOFT_TC_NO_FILTER
/Volumes/nas/media/archive/buffy/Buffy the Vampire Slayer - s04e16 - Who Are You?.mkv	mpeg2video	480	30000/1001	24.00	24.06	0	719	SOFT_TC_NO_FILTER
/Volumes/nas/media/archive/buffy/Buffy the Vampire Slayer - s04e15 - This Years Girl.mkv	mpeg2video	480	30000/1001	24.03	24.00	0	720	SOFT_TC_NO_FILTER
/Volumes/nas/media/archive/buffy/Buffy the Vampire Slayer - s04e17 - Superstar.mkv	mpeg2video	480	30000/1001	24.00	24.00	0	720	SOFT_TC_NO_FILTER
/Volumes/nas/media/archive/buffy/Buffy the Vampire Slayer - s04e18 - Where the Wild Things Are.mkv	mpeg2video	480	30000/1001	24.00	24.00	0	719	SOFT_TC_NO_FILTER
/Volumes/nas/media/archive/buffy/Buffy the Vampire Slayer - s04e19 - New Moon Rising.mkv	mpeg2video	480	30000/1001	24.00	24.00	0	720	SOFT_TC_NO_FILTER
/Volumes/nas/media/archive/buffy/Buffy the Vampire Slayer - s04e20 - The Yoko Factor.mkv	mpeg2video	480	30000/1001	24.00	24.00	0	705	SOFT_TC_NO_FILTER
/Volumes/nas/media/archive/buffy/Buffy the Vampire Slayer - s04e21 - Primeval.mkv	mpeg2video	480	30000/1001	24.00	24.00	0	720	SOFT_TC_NO_FILTER
/Volumes/nas/media/archive/buffy/Buffy the Vampire Slayer - s04e22 - Restless.mkv	mpeg2video	480	30000/1001	24.00	24.03	0	720	SOFT_TC_NO_FILTER
/Volumes/nas/media/archive/buffy/Buffy the Vampire Slayer - s05e01 - Buffy vs Dracula.mkv	mpeg2video	480	30000/1001	24.00	24.00	0	720	SOFT_TC_NO_FILTER
/Volumes/nas/media/archive/buffy/Buffy the Vampire Slayer - s05e02 - Real Me.mkv	mpeg2video	480	30000/1001	24.00	24.00	0	719	SOFT_TC_NO_FILTER
/Volumes/nas/media/archive/buffy/Buffy the Vampire Slayer - s05e03 - The Replacement.mkv	mpeg2video	480	30000/1001	24.00	24.23	0	707	SOFT_TC_NO_FILTER
/Volumes/nas/media/archive/buffy/Buffy the Vampire Slayer - s05e04 - Out of My Mind.mkv	mpeg2video	480	30000/1001	24.06	24.00	0	722	SOFT_TC_NO_FILTER
/Volumes/nas/media/archive/buffy/Buffy the Vampire Slayer - s05e05 - No Place Like Home.mkv	mpeg2video	480	30000/1001	24.00	24.00	0	703	SOFT_TC_NO_FILTER
/Volumes/nas/media/archive/buffy/Buffy the Vampire Slayer - s05e06 - Family.mkv	mpeg2video	480	30000/1001	24.00	24.00	0	652	SOFT_TC_NO_FILTER
/Volumes/nas/media/archive/buffy/Buffy the Vampire Slayer - s05e07 - Fool For Love.mkv	mpeg2video	480	30000/1001	24.00	24.00	0	691	SOFT_TC_NO_FILTER
/Volumes/nas/media/archive/buffy/Buffy the Vampire Slayer - s05e09 - Listening to Fear.mkv	mpeg2video	480	30000/1001	24.03	24.00	0	718	SOFT_TC_NO_FILTER
/Volumes/nas/media/archive/buffy/Buffy the Vampire Slayer - s05e08 - Shadow.mkv	mpeg2video	480	30000/1001	24.00	24.00	0	711	SOFT_TC_NO_FILTER
/Volumes/nas/media/archive/buffy/Buffy the Vampire Slayer - s05e10 - Into the Woods.mkv	mpeg2video	480	30000/1001	24.33	24.00	20	709	SOFT_TC_NO_FILTER
/Volumes/nas/media/archive/buffy/Buffy the Vampire Slayer - s05e11 - Triangle.mkv	mpeg2video	480	30000/1001	24.00	24.00	0	674	SOFT_TC_NO_FILTER
/Volumes/nas/media/archive/buffy/Buffy the Vampire Slayer - s05e13 - Blood Ties.mkv	mpeg2video	480	30000/1001	24.00	24.00	0	719	SOFT_TC_NO_FILTER
/Volumes/nas/media/archive/buffy/Buffy the Vampire Slayer - s05e12 - Checkpoint.mkv	mpeg2video	480	30000/1001	24.00	24.00	0	719	SOFT_TC_NO_FILTER
/Volumes/nas/media/archive/buffy/Buffy the Vampire Slayer - s05e14 - Crush.mkv	mpeg2video	480	30000/1001	24.00	24.00	0	719	SOFT_TC_NO_FILTER
/Volumes/nas/media/archive/buffy/Buffy the Vampire Slayer - s05e15 - I Was Made to Love You.mkv	mpeg2video	480	30000/1001	24.03	24.00	0	721	SOFT_TC_NO_FILTER
/Volumes/nas/media/archive/buffy/Buffy the Vampire Slayer - s05e16 - The Body.mkv	mpeg2video	480	30000/1001	24.00	24.06	0	720	SOFT_TC_NO_FILTER
/Volumes/nas/media/archive/buffy/Buffy the Vampire Slayer - s05e17 - Forever.mkv	mpeg2video	480	30000/1001	24.00	26.13	0	720	MIXED_CADENCE
/Volumes/nas/media/archive/buffy/Buffy the Vampire Slayer - s05e18 - Intervention.mkv	mpeg2video	480	30000/1001	30.00	24.00	898	0	INTERLACED_NEEDS_IVTC
/Volumes/nas/media/archive/buffy/Buffy the Vampire Slayer - s05e19 - Tough Love.mkv	mpeg2video	480	30000/1001	24.23	24.00	40	672	SOFT_TC_NO_FILTER
/Volumes/nas/media/archive/buffy/Buffy the Vampire Slayer - s05e20 - Spiral.mkv	mpeg2video	480	30000/1001	24.00	24.00	0	720	SOFT_TC_NO_FILTER
/Volumes/nas/media/archive/buffy/Buffy the Vampire Slayer - s05e21 - The Weight of the World.mkv	mpeg2video	480	30000/1001	24.00	24.03	0	720	SOFT_TC_NO_FILTER
/Volumes/nas/media/archive/buffy/Buffy the Vampire Slayer - s05e22 - The Gift.mkv	mpeg2video	480	30000/1001	24.00	24.00	0	715	SOFT_TC_NO_FILTER
/Volumes/nas/media/archive/buffy/Buffy the Vampire Slayer - s06e01e02 - Bargaining.mkv	mpeg2video	480	30000/1001	24.00	24.00	0	720	SOFT_TC_NO_FILTER
/Volumes/nas/media/archive/buffy/Buffy the Vampire Slayer - s06e03 - Afterlife.mkv	mpeg2video	480	30000/1001	24.00	24.00	0	434	SOFT_TC_NO_FILTER
/Volumes/nas/media/archive/buffy/Buffy the Vampire Slayer - s06e04 - Flooded.mkv	mpeg2video	480	30000/1001	24.03	24.00	6	690	SOFT_TC_NO_FILTER
/Volumes/nas/media/archive/buffy/Buffy the Vampire Slayer - s06e05 - Life Serial.mkv	mpeg2video	480	30000/1001	24.06	24.00	0	722	SOFT_TC_NO_FILTER
/Volumes/nas/media/archive/buffy/Buffy the Vampire Slayer - s06e06 - All the Way.mkv	mpeg2video	480	30000/1001	24.00	24.00	0	720	SOFT_TC_NO_FILTER
/Volumes/nas/media/archive/buffy/Buffy the Vampire Slayer - s06e07 - Once More, With Feeling.mkv	mpeg2video	480	30000/1001	24.00	24.00	0	720	SOFT_TC_NO_FILTER
/Volumes/nas/media/archive/buffy/Buffy the Vampire Slayer - s06e08 - Tabula Rasa.mkv	mpeg2video	480	30000/1001	24.00	24.06	0	720	SOFT_TC_NO_FILTER
/Volumes/nas/media/archive/buffy/Buffy the Vampire Slayer - s06e09 - Smashed.mkv	mpeg2video	480	30000/1001	24.03	24.00	0	716	SOFT_TC_NO_FILTER
/Volumes/nas/media/archive/buffy/Buffy the Vampire Slayer - s06e10 - Wrecked.mkv	mpeg2video	480	30000/1001	24.10	24.10	0	723	SOFT_TC_NO_FILTER
/Volumes/nas/media/archive/buffy/Buffy the Vampire Slayer - s06e12 - Doublemeat Palace.mkv	mpeg2video	480	30000/1001	24.00	24.00	0	693	SOFT_TC_NO_FILTER
/Volumes/nas/media/archive/buffy/Buffy the Vampire Slayer - s06e11 - Gone.mkv	mpeg2video	480	30000/1001	24.00	24.03	0	690	SOFT_TC_NO_FILTER
/Volumes/nas/media/archive/buffy/Buffy the Vampire Slayer - s06e13 - Dead Things.mkv	mpeg2video	480	30000/1001	24.46	24.00	57	676	SOFT_TC_NO_FILTER
/Volumes/nas/media/archive/buffy/Buffy the Vampire Slayer - s06e14 - Older and Far Away.mkv	mpeg2video	480	30000/1001	24.00	24.00	0	720	SOFT_TC_NO_FILTER
/Volumes/nas/media/archive/buffy/Buffy the Vampire Slayer - s06e15 - As You Were.mkv	mpeg2video	480	30000/1001	24.00	24.00	0	720	SOFT_TC_NO_FILTER
/Volumes/nas/media/archive/buffy/Buffy the Vampire Slayer - s06e16 - Hell's Bells.mkv	mpeg2video	480	30000/1001	24.00	24.06	8	712	SOFT_TC_NO_FILTER
/Volumes/nas/media/archive/buffy/Buffy the Vampire Slayer - s06e17 - Normal Again.mkv	mpeg2video	480	30000/1001	24.00	24.00	0	536	SOFT_TC_NO_FILTER
/Volumes/nas/media/archive/buffy/Buffy the Vampire Slayer - s06e18 - Entropy.mkv	mpeg2video	480	30000/1001	24.00	24.00	0	719	SOFT_TC_NO_FILTER
/Volumes/nas/media/archive/buffy/Buffy the Vampire Slayer - s06e19 - Seeing Red.mkv	mpeg2video	480	30000/1001	24.00	24.00	0	720	SOFT_TC_NO_FILTER
/Volumes/nas/media/archive/buffy/Buffy the Vampire Slayer - s06e20 - Villains.mkv	mpeg2video	480	30000/1001	24.00	24.06	0	720	SOFT_TC_NO_FILTER
/Volumes/nas/media/archive/buffy/Buffy the Vampire Slayer - s06e21 - Two to Go.mkv	mpeg2video	480	30000/1001	24.00	24.03	0	719	SOFT_TC_NO_FILTER
/Volumes/nas/media/archive/buffy/Buffy the Vampire Slayer - s06e22 - Grave.mkv	mpeg2video	480	30000/1001	24.00	30.00	0	720	MIXED_CADENCE
/Volumes/nas/media/archive/buffy/Buffy the Vampire Slayer - s07e01.mkv	mpeg2video	480	30000/1001	24.00	24.00	0	719	SOFT_TC_NO_FILTER
/Volumes/nas/media/archive/buffy/Buffy the Vampire Slayer - s07e02.mkv	mpeg2video	480	30000/1001	24.00	24.00	0	712	SOFT_TC_NO_FILTER
/Volumes/nas/media/archive/buffy/Buffy the Vampire Slayer - s07e03.mkv	mpeg2video	480	30000/1001	24.00	24.00	0	713	SOFT_TC_NO_FILTER
/Volumes/nas/media/archive/buffy/Buffy the Vampire Slayer - s07e04.mkv	mpeg2video	480	30000/1001	24.00	24.00	0	720	SOFT_TC_NO_FILTER
/Volumes/nas/media/archive/buffy/Buffy the Vampire Slayer - s07e05.mkv	mpeg2video	480	30000/1001	24.00	24.00	0	664	SOFT_TC_NO_FILTER
/Volumes/nas/media/archive/buffy/Buffy the Vampire Slayer - s07e06.mkv	mpeg2video	480	30000/1001	24.00	24.00	0	686	SOFT_TC_NO_FILTER
/Volumes/nas/media/archive/buffy/Buffy the Vampire Slayer - s07e07.mkv	mpeg2video	480	30000/1001	24.00	24.00	0	719	SOFT_TC_NO_FILTER
/Volumes/nas/media/archive/buffy/Buffy the Vampire Slayer - s07e08.mkv	mpeg2video	480	30000/1001	24.00	24.00	0	719	SOFT_TC_NO_FILTER
/Volumes/nas/media/archive/buffy/Buffy the Vampire Slayer - s07e09.mkv	mpeg2video	480	30000/1001	24.00	24.00	0	720	SOFT_TC_NO_FILTER
/Volumes/nas/media/archive/buffy/Buffy the Vampire Slayer - s07e10.mkv	mpeg2video	480	30000/1001	24.00	24.00	0	715	SOFT_TC_NO_FILTER
/Volumes/nas/media/archive/buffy/Buffy the Vampire Slayer - s07e11.mkv	mpeg2video	480	30000/1001	24.00	24.00	0	719	SOFT_TC_NO_FILTER
/Volumes/nas/media/archive/buffy/Buffy the Vampire Slayer - s07e13.mkv	mpeg2video	480	30000/1001	24.00	24.00	0	719	SOFT_TC_NO_FILTER
/Volumes/nas/media/archive/buffy/Buffy the Vampire Slayer - s07e12.mkv	mpeg2video	480	30000/1001	24.00	24.00	0	720	SOFT_TC_NO_FILTER
/Volumes/nas/media/archive/buffy/Buffy the Vampire Slayer - s07e14.mkv	mpeg2video	480	30000/1001	24.00	24.00	0	719	SOFT_TC_NO_FILTER
/Volumes/nas/media/archive/buffy/Buffy the Vampire Slayer - s07e15.mkv	mpeg2video	480	30000/1001	24.00	24.00	0	713	SOFT_TC_NO_FILTER
/Volumes/nas/media/archive/buffy/Buffy the Vampire Slayer - s07e16.mkv	mpeg2video	480	30000/1001	24.06	24.00	87	634	SOFT_TC_NO_FILTER
/Volumes/nas/media/archive/buffy/Buffy the Vampire Slayer - s07e17.mkv	mpeg2video	480	30000/1001	24.03	24.00	80	635	SOFT_TC_NO_FILTER
/Volumes/nas/media/archive/buffy/Buffy the Vampire Slayer - s07e18.mkv	mpeg2video	480	30000/1001	24.00	24.00	0	719	SOFT_TC_NO_FILTER
/Volumes/nas/media/archive/buffy/Buffy the Vampire Slayer - s07e19.mkv	mpeg2video	480	30000/1001	24.16	24.00	31	685	SOFT_TC_NO_FILTER
/Volumes/nas/media/archive/buffy/Buffy the Vampire Slayer - s07e20.mkv	mpeg2video	480	30000/1001	24.00	24.00	0	715	SOFT_TC_NO_FILTER
/Volumes/nas/media/archive/buffy/Buffy the Vampire Slayer - s07e21.mkv	mpeg2video	480	30000/1001	24.00	24.00	0	712	SOFT_TC_NO_FILTER
/Volumes/nas/media/archive/buffy/Buffy the Vampire Slayer - s07e22.mkv	mpeg2video	480	30000/1001	24.03	23.96	0	700	SOFT_TC_NO_FILTER
/Volumes/nas/media/archive/Bugs Life.mkv	mpeg2video	480	30000/1001	24.00	24.33	0	671	SOFT_TC_NO_FILTER
/Volumes/nas/media/archive/Burn After Reading.mkv	mpeg2video	480	30000/1001	24.00	24.00	0	714	SOFT_TC_NO_FILTER
/Volumes/nas/media/archive/Cars.mkv	mpeg2video	480	30000/1001	24.00	24.00	0	720	SOFT_TC_NO_FILTER
/Volumes/nas/media/archive/Casino Royale (2006).mkv	mpeg2video	480	30000/1001	24.00	24.00	0	719	SOFT_TC_NO_FILTER
/Volumes/nas/media/archive/CELLULAR.mkv	mpeg2video	480	30000/1001	24.00	24.00	0	705	SOFT_TC_NO_FILTER
/Volumes/nas/media/archive/Charlie St Cloud.mkv	mpeg2video	480	30000/1001	24.00	24.00	0	720	SOFT_TC_NO_FILTER
/Volumes/nas/media/archive/Charlie's Angels - Full Throttle (2003).mkv	mpeg2video	480	30000/1001	24.00	24.03	0	720	SOFT_TC_NO_FILTER
/Volumes/nas/media/archive/Charlie's Angels (2000).mkv	mpeg2video	480	30000/1001	24.00	24.00	0	720	SOFT_TC_NO_FILTER
/Volumes/nas/media/archive/charmed/Charmed - s01e01.mkv	mpeg2video	480	30000/1001	30.00	30.00	887	13	INTERLACED_NEEDS_IVTC
/Volumes/nas/media/archive/charmed/Charmed - s01e02.mkv	mpeg2video	480	30000/1001	30.00	30.00	900	0	INTERLACED_NEEDS_IVTC
/Volumes/nas/media/archive/charmed/Charmed - s01e03.mkv	mpeg2video	480	30000/1001	30.00	30.00	873	27	INTERLACED_NEEDS_IVTC
/Volumes/nas/media/archive/charmed/Charmed - s01e04.mkv	mpeg2video	480	30000/1001	30.00	30.00	844	56	INTERLACED_NEEDS_IVTC
/Volumes/nas/media/archive/charmed/Charmed - s01e06.mkv	mpeg2video	480	30000/1001	30.00	30.00	876	23	INTERLACED_NEEDS_IVTC
/Volumes/nas/media/archive/charmed/Charmed - s01e05.mkv	mpeg2video	480	30000/1001	30.00	30.00	895	4	INTERLACED_NEEDS_IVTC
/Volumes/nas/media/archive/charmed/Charmed - s01e07.mkv	mpeg2video	480	30000/1001	30.00	30.00	900	0	INTERLACED_NEEDS_IVTC
/Volumes/nas/media/archive/charmed/Charmed - s01e08.mkv	mpeg2video	480	30000/1001	30.00	30.00	882	18	INTERLACED_NEEDS_IVTC
/Volumes/nas/media/archive/charmed/Charmed - s01e10.mkv	mpeg2video	480	30000/1001	30.00	30.00	887	13	INTERLACED_NEEDS_IVTC
/Volumes/nas/media/archive/charmed/Charmed - s01e09.mkv	mpeg2video	480	30000/1001	30.00	30.00	886	14	INTERLACED_NEEDS_IVTC
/Volumes/nas/media/archive/charmed/Charmed - s01e11.mkv	mpeg2video	480	30000/1001	30.00	30.00	896	4	INTERLACED_NEEDS_IVTC
/Volumes/nas/media/archive/charmed/Charmed - s01e12.mkv	mpeg2video	480	30000/1001	30.00	30.00	857	43	INTERLACED_NEEDS_IVTC
/Volumes/nas/media/archive/charmed/Charmed - s01e13.mkv	mpeg2video	480	30000/1001	30.00	30.00	886	12	INTERLACED_NEEDS_IVTC
/Volumes/nas/media/archive/charmed/Charmed - s01e14.mkv	mpeg2video	480	30000/1001	30.00	30.00	882	18	INTERLACED_NEEDS_IVTC
/Volumes/nas/media/archive/charmed/Charmed - s01e15.mkv	mpeg2video	480	30000/1001	30.00	30.00	871	27	INTERLACED_NEEDS_IVTC
/Volumes/nas/media/archive/charmed/Charmed - s01e16.mkv	mpeg2video	480	30000/1001	30.00	30.00	885	15	INTERLACED_NEEDS_IVTC
/Volumes/nas/media/archive/charmed/Charmed - s01e17.mkv	mpeg2video	480	30000/1001	30.00	30.00	895	5	INTERLACED_NEEDS_IVTC
/Volumes/nas/media/archive/charmed/Charmed - s01e18.mkv	mpeg2video	480	30000/1001	30.00	30.00	888	12	INTERLACED_NEEDS_IVTC
/Volumes/nas/media/archive/charmed/Charmed - s01e19.mkv	mpeg2video	480	30000/1001	30.00	30.00	896	4	INTERLACED_NEEDS_IVTC
/Volumes/nas/media/archive/charmed/Charmed - s01e20.mkv	mpeg2video	480	30000/1001	30.00	30.00	896	4	INTERLACED_NEEDS_IVTC
/Volumes/nas/media/archive/charmed/Charmed - s01e21.mkv	mpeg2video	480	30000/1001	30.00	30.00	900	0	INTERLACED_NEEDS_IVTC
/Volumes/nas/media/archive/charmed/Charmed - s01e22.mkv	mpeg2video	480	30000/1001	30.00	30.00	780	120	INTERLACED_NEEDS_IVTC
/Volumes/nas/media/archive/charmed/Charmed - s02e01.mkv	mpeg2video	480	30000/1001	30.00	30.00	895	5	INTERLACED_NEEDS_IVTC
/Volumes/nas/media/archive/charmed/Charmed - s02e02.mkv	mpeg2video	480	30000/1001	30.00	30.00	872	28	INTERLACED_NEEDS_IVTC
/Volumes/nas/media/archive/charmed/Charmed - s02e03.mkv	mpeg2video	480	30000/1001	30.00	30.00	896	3	INTERLACED_NEEDS_IVTC
/Volumes/nas/media/archive/charmed/Charmed - s02e04.mkv	mpeg2video	480	30000/1001	30.00	30.00	895	5	INTERLACED_NEEDS_IVTC
/Volumes/nas/media/archive/charmed/Charmed - s02e05.mkv	mpeg2video	480	30000/1001	30.00	30.00	899	0	INTERLACED_NEEDS_IVTC
/Volumes/nas/media/archive/charmed/Charmed - s02e06.mkv	mpeg2video	480	30000/1001	30.00	30.00	887	13	INTERLACED_NEEDS_IVTC
/Volumes/nas/media/archive/charmed/Charmed - s02e07.mkv	mpeg2video	480	30000/1001	30.00	30.00	891	9	INTERLACED_NEEDS_IVTC
/Volumes/nas/media/archive/charmed/Charmed - s02e08.mkv	mpeg2video	480	30000/1001	30.00	30.00	900	0	INTERLACED_NEEDS_IVTC
/Volumes/nas/media/archive/charmed/Charmed - s02e09.mkv	mpeg2video	480	30000/1001	30.00	30.00	900	0	INTERLACED_NEEDS_IVTC
/Volumes/nas/media/archive/charmed/Charmed - s02e10.mkv	mpeg2video	480	30000/1001	30.00	30.00	896	4	INTERLACED_NEEDS_IVTC
/Volumes/nas/media/archive/charmed/Charmed - s02e11.mkv	mpeg2video	480	30000/1001	30.00	30.00	900	0	INTERLACED_NEEDS_IVTC
/Volumes/nas/media/archive/charmed/Charmed - s02e12.mkv	mpeg2video	480	30000/1001	30.00	30.00	838	62	INTERLACED_NEEDS_IVTC
/Volumes/nas/media/archive/charmed/Charmed - s02e13.mkv	mpeg2video	480	30000/1001	30.00	30.00	888	12	INTERLACED_NEEDS_IVTC
/Volumes/nas/media/archive/charmed/Charmed - s02e14.mkv	mpeg2video	480	30000/1001	30.00	30.00	896	4	INTERLACED_NEEDS_IVTC
/Volumes/nas/media/archive/charmed/Charmed - s02e15.mkv	mpeg2video	480	30000/1001	30.00	30.00	896	4	INTERLACED_NEEDS_IVTC
/Volumes/nas/media/archive/charmed/Charmed - s02e16.mkv	mpeg2video	480	30000/1001	30.00	30.00	900	0	INTERLACED_NEEDS_IVTC
/Volumes/nas/media/archive/charmed/Charmed - s02e17.mkv	mpeg2video	480	30000/1001	30.00	30.00	886	14	INTERLACED_NEEDS_IVTC
/Volumes/nas/media/archive/charmed/Charmed - s02e18.mkv	mpeg2video	480	30000/1001	30.00	30.00	893	6	INTERLACED_NEEDS_IVTC
/Volumes/nas/media/archive/charmed/Charmed - s02e19.mkv	mpeg2video	480	30000/1001	30.00	30.00	888	10	INTERLACED_NEEDS_IVTC
/Volumes/nas/media/archive/charmed/Charmed - s02e20.mkv	mpeg2video	480	30000/1001	30.00	30.00	847	51	INTERLACED_NEEDS_IVTC
/Volumes/nas/media/archive/charmed/Charmed - s02e21.mkv	mpeg2video	480	30000/1001	30.00	30.00	899	0	INTERLACED_NEEDS_IVTC
/Volumes/nas/media/archive/charmed/Charmed - s02e22.mkv	mpeg2video	480	30000/1001	30.00	30.00	896	4	INTERLACED_NEEDS_IVTC
/Volumes/nas/media/archive/charmed/Charmed - s03e01.mkv	mpeg2video	480	30000/1001	30.00	30.00	892	8	INTERLACED_NEEDS_IVTC
/Volumes/nas/media/archive/charmed/Charmed - s03e02.mkv	mpeg2video	480	30000/1001	30.00	30.00	896	4	INTERLACED_NEEDS_IVTC
/Volumes/nas/media/archive/charmed/Charmed - s03e03.mkv	mpeg2video	480	30000/1001	30.00	30.00	897	3	INTERLACED_NEEDS_IVTC
/Volumes/nas/media/archive/charmed/Charmed - s03e04.mkv	mpeg2video	480	30000/1001	30.00	30.00	895	4	INTERLACED_NEEDS_IVTC
/Volumes/nas/media/archive/charmed/Charmed - s03e05.mkv	mpeg2video	480	30000/1001	30.00	30.00	887	5	INTERLACED_NEEDS_IVTC
/Volumes/nas/media/archive/charmed/Charmed - s03e06.mkv	mpeg2video	480	30000/1001	30.00	30.00	900	0	INTERLACED_NEEDS_IVTC
/Volumes/nas/media/archive/charmed/Charmed - s03e07.mkv	mpeg2video	480	30000/1001	30.00	30.00	896	4	INTERLACED_NEEDS_IVTC
/Volumes/nas/media/archive/charmed/Charmed - s03e08.mkv	mpeg2video	480	30000/1001	30.00	30.00	891	8	INTERLACED_NEEDS_IVTC
/Volumes/nas/media/archive/charmed/Charmed - s03e09.mkv	mpeg2video	480	30000/1001	30.00	30.00	900	0	INTERLACED_NEEDS_IVTC
/Volumes/nas/media/archive/charmed/Charmed - s03e10.mkv	mpeg2video	480	30000/1001	30.00	30.00	895	5	INTERLACED_NEEDS_IVTC
/Volumes/nas/media/archive/charmed/Charmed - s03e11.mkv	mpeg2video	480	30000/1001	30.00	30.00	842	57	INTERLACED_NEEDS_IVTC
/Volumes/nas/media/archive/charmed/Charmed - s03e12.mkv	mpeg2video	480	30000/1001	30.00	30.00	892	8	INTERLACED_NEEDS_IVTC
/Volumes/nas/media/archive/charmed/Charmed - s03e13.mkv	mpeg2video	480	30000/1001	30.00	30.00	900	0	INTERLACED_NEEDS_IVTC
/Volumes/nas/media/archive/charmed/Charmed - s03e14.mkv	mpeg2video	480	30000/1001	30.00	30.00	895	4	INTERLACED_NEEDS_IVTC
/Volumes/nas/media/archive/charmed/Charmed - s03e15.mkv	mpeg2video	480	30000/1001	30.00	30.00	882	18	INTERLACED_NEEDS_IVTC
/Volumes/nas/media/archive/charmed/Charmed - s03e16.mkv	mpeg2video	480	30000/1001	30.00	30.00	797	101	INTERLACED_NEEDS_IVTC
/Volumes/nas/media/archive/charmed/Charmed - s03e17.mkv	mpeg2video	480	30000/1001	30.00	30.00	896	4	INTERLACED_NEEDS_IVTC
/Volumes/nas/media/archive/charmed/Charmed - s03e18.mkv	mpeg2video	480	30000/1001	30.00	30.00	868	32	INTERLACED_NEEDS_IVTC
/Volumes/nas/media/archive/charmed/Charmed - s03e19.mkv	mpeg2video	480	30000/1001	30.00	30.00	899	0	INTERLACED_NEEDS_IVTC
/Volumes/nas/media/archive/charmed/Charmed - s03e20.mkv	mpeg2video	480	30000/1001	30.00	30.00	897	3	INTERLACED_NEEDS_IVTC
/Volumes/nas/media/archive/charmed/Charmed - s03e21.mkv	mpeg2video	480	30000/1001	30.00	30.00	896	4	INTERLACED_NEEDS_IVTC
/Volumes/nas/media/archive/charmed/Charmed - s03e22.mkv	mpeg2video	480	30000/1001	30.00	30.00	900	0	INTERLACED_NEEDS_IVTC
/Volumes/nas/media/archive/charmed/Charmed - s04e01e02.mkv	mpeg2video	480	30000/1001	30.00	30.00	893	5	INTERLACED_NEEDS_IVTC
/Volumes/nas/media/archive/charmed/Charmed - s04e03.mkv	mpeg2video	480	30000/1001	30.00	30.00	896	4	INTERLACED_NEEDS_IVTC
/Volumes/nas/media/archive/charmed/Charmed - s04e04.mkv	mpeg2video	480	30000/1001	30.00	30.00	900	0	INTERLACED_NEEDS_IVTC
/Volumes/nas/media/archive/charmed/Charmed - s04e05.mkv	mpeg2video	480	30000/1001	30.00	30.00	887	13	INTERLACED_NEEDS_IVTC
/Volumes/nas/media/archive/charmed/Charmed - s04e06.mkv	mpeg2video	480	30000/1001	30.00	30.00	896	4	INTERLACED_NEEDS_IVTC
/Volumes/nas/media/archive/charmed/Charmed - s04e07.mkv	mpeg2video	480	30000/1001	30.00	30.00	888	12	INTERLACED_NEEDS_IVTC
/Volumes/nas/media/archive/charmed/Charmed - s04e08.mkv	mpeg2video	480	30000/1001	30.00	30.00	890	8	INTERLACED_NEEDS_IVTC
/Volumes/nas/media/archive/charmed/Charmed - s04e09.mkv	mpeg2video	480	30000/1001	30.00	30.00	893	4	INTERLACED_NEEDS_IVTC
/Volumes/nas/media/archive/charmed/Charmed - s04e10.mkv	mpeg2video	480	30000/1001	30.00	30.00	896	4	INTERLACED_NEEDS_IVTC
/Volumes/nas/media/archive/charmed/Charmed - s04e11.mkv	mpeg2video	480	30000/1001	30.00	30.00	895	5	INTERLACED_NEEDS_IVTC
/Volumes/nas/media/archive/charmed/Charmed - s04e12.mkv	mpeg2video	480	30000/1001	30.00	30.00	897	0	INTERLACED_NEEDS_IVTC
/Volumes/nas/media/archive/charmed/Charmed - s04e13.mkv	mpeg2video	480	30000/1001	30.00	30.00	786	114	INTERLACED_NEEDS_IVTC
/Volumes/nas/media/archive/charmed/Charmed - s04e14.mkv	mpeg2video	480	30000/1001	30.00	30.00	839	61	INTERLACED_NEEDS_IVTC
/Volumes/nas/media/archive/charmed/Charmed - s04e15.mkv	mpeg2video	480	30000/1001	30.00	30.00	896	4	INTERLACED_NEEDS_IVTC
/Volumes/nas/media/archive/charmed/Charmed - s04e16.mkv	mpeg2video	480	30000/1001	30.00	30.00	896	4	INTERLACED_NEEDS_IVTC
/Volumes/nas/media/archive/charmed/Charmed - s04e17.mkv	mpeg2video	480	30000/1001	30.00	30.00	896	4	INTERLACED_NEEDS_IVTC
/Volumes/nas/media/archive/charmed/Charmed - s04e18.mkv	mpeg2video	480	30000/1001	30.00	30.00	893	7	INTERLACED_NEEDS_IVTC
/Volumes/nas/media/archive/charmed/Charmed - s04e19.mkv	mpeg2video	480	30000/1001	30.00	30.00	888	12	INTERLACED_NEEDS_IVTC
/Volumes/nas/media/archive/charmed/Charmed - s04e21.mkv	mpeg2video	480	30000/1001	30.00	30.00	900	0	INTERLACED_NEEDS_IVTC
/Volumes/nas/media/archive/charmed/Charmed - s04e20.mkv	mpeg2video	480	30000/1001	30.00	30.00	900	0	INTERLACED_NEEDS_IVTC
/Volumes/nas/media/archive/charmed/Charmed - s04e22.mkv	mpeg2video	480	30000/1001	30.00	30.00	900	0	INTERLACED_NEEDS_IVTC
/Volumes/nas/media/archive/charmed/Charmed - s05e01e02.mkv	mpeg2video	480	30000/1001	30.00	30.00	897	0	INTERLACED_NEEDS_IVTC
/Volumes/nas/media/archive/charmed/Charmed - s05e03.mkv	mpeg2video	480	30000/1001	30.00	30.00	895	4	INTERLACED_NEEDS_IVTC
/Volumes/nas/media/archive/charmed/Charmed - s05e04.mkv	mpeg2video	480	30000/1001	30.00	30.00	900	0	INTERLACED_NEEDS_IVTC
/Volumes/nas/media/archive/charmed/Charmed - s05e05.mkv	mpeg2video	480	30000/1001	30.00	30.00	899	0	INTERLACED_NEEDS_IVTC
/Volumes/nas/media/archive/charmed/Charmed - s05e06.mkv	mpeg2video	480	30000/1001	30.00	30.00	891	8	INTERLACED_NEEDS_IVTC
/Volumes/nas/media/archive/charmed/Charmed - s05e07.mkv	mpeg2video	480	30000/1001	30.00	30.00	737	163	INTERLACED_NEEDS_IVTC
/Volumes/nas/media/archive/charmed/Charmed - s05e08.mkv	mpeg2video	480	30000/1001	30.00	30.00	900	0	INTERLACED_NEEDS_IVTC
/Volumes/nas/media/archive/charmed/Charmed - s05e09.mkv	mpeg2video	480	30000/1001	30.00	30.00	899	0	INTERLACED_NEEDS_IVTC
/Volumes/nas/media/archive/charmed/Charmed - s05e10.mkv	mpeg2video	480	30000/1001	30.00	30.00	881	18	INTERLACED_NEEDS_IVTC
/Volumes/nas/media/archive/charmed/Charmed - s05e12.mkv	mpeg2video	480	30000/1001	30.00	30.00	894	6	INTERLACED_NEEDS_IVTC
/Volumes/nas/media/archive/charmed/Charmed - s05e11.mkv	mpeg2video	480	30000/1001	30.00	30.00	896	4	INTERLACED_NEEDS_IVTC
/Volumes/nas/media/archive/charmed/Charmed - s05e13.mkv	mpeg2video	480	30000/1001	30.00	30.00	897	3	INTERLACED_NEEDS_IVTC
/Volumes/nas/media/archive/charmed/Charmed - s05e14.mkv	mpeg2video	480	30000/1001	30.00	30.00	896	4	INTERLACED_NEEDS_IVTC
/Volumes/nas/media/archive/charmed/Charmed - s05e15.mkv	mpeg2video	480	30000/1001	30.00	30.00	899	0	INTERLACED_NEEDS_IVTC
/Volumes/nas/media/archive/charmed/Charmed - s05e16.mkv	mpeg2video	480	30000/1001	30.00	30.00	892	4	INTERLACED_NEEDS_IVTC
/Volumes/nas/media/archive/charmed/Charmed - s05e17.mkv	mpeg2video	480	30000/1001	30.00	30.00	893	7	INTERLACED_NEEDS_IVTC
/Volumes/nas/media/archive/charmed/Charmed - s05e18.mkv	mpeg2video	480	30000/1001	30.00	30.00	895	5	INTERLACED_NEEDS_IVTC
/Volumes/nas/media/archive/charmed/Charmed - s05e19.mkv	mpeg2video	480	30000/1001	30.00	30.00	900	0	INTERLACED_NEEDS_IVTC
/Volumes/nas/media/archive/charmed/Charmed - s05e20.mkv	mpeg2video	480	30000/1001	30.00	30.00	896	0	INTERLACED_NEEDS_IVTC
/Volumes/nas/media/archive/charmed/Charmed - s05e21.mkv	mpeg2video	480	30000/1001	30.00	30.00	900	0	INTERLACED_NEEDS_IVTC
/Volumes/nas/media/archive/charmed/Charmed - s05e22e23.mkv	mpeg2video	480	30000/1001	30.00	30.00	900	0	INTERLACED_NEEDS_IVTC
/Volumes/nas/media/archive/charmed/Charmed - s06e01e02.mkv	mpeg2video	480	30000/1001	30.00	30.00	900	0	INTERLACED_NEEDS_IVTC
/Volumes/nas/media/archive/charmed/Charmed - s06e03.mkv	mpeg2video	480	30000/1001	30.00	30.00	900	0	INTERLACED_NEEDS_IVTC
/Volumes/nas/media/archive/charmed/Charmed - s06e04.mkv	mpeg2video	480	30000/1001	30.00	30.00	896	4	INTERLACED_NEEDS_IVTC
/Volumes/nas/media/archive/charmed/Charmed - s06e05.mkv	mpeg2video	480	30000/1001	30.00	30.00	895	5	INTERLACED_NEEDS_IVTC
/Volumes/nas/media/archive/charmed/Charmed - s06e06.mkv	mpeg2video	480	30000/1001	30.00	30.00	900	0	INTERLACED_NEEDS_IVTC
/Volumes/nas/media/archive/charmed/Charmed - s06e08.mkv	mpeg2video	480	30000/1001	30.00	30.00	900	0	INTERLACED_NEEDS_IVTC
/Volumes/nas/media/archive/charmed/Charmed - s06e07.mkv	mpeg2video	480	30000/1001	30.00	30.00	896	4	INTERLACED_NEEDS_IVTC
/Volumes/nas/media/archive/charmed/Charmed - s06e09.mkv	mpeg2video	480	30000/1001	30.00	30.00	899	0	INTERLACED_NEEDS_IVTC
/Volumes/nas/media/archive/charmed/Charmed - s06e10.mkv	mpeg2video	480	30000/1001	30.00	30.00	900	0	INTERLACED_NEEDS_IVTC
/Volumes/nas/media/archive/charmed/Charmed - s06e12.mkv	mpeg2video	480	30000/1001	30.00	30.00	899	0	INTERLACED_NEEDS_IVTC
/Volumes/nas/media/archive/charmed/Charmed - s06e11.mkv	mpeg2video	480	30000/1001	30.00	30.00	900	0	INTERLACED_NEEDS_IVTC
/Volumes/nas/media/archive/charmed/Charmed - s06e13.mkv	mpeg2video	480	30000/1001	30.00	30.00	900	0	INTERLACED_NEEDS_IVTC
/Volumes/nas/media/archive/charmed/Charmed - s06e14.mkv	mpeg2video	480	30000/1001	30.00	30.00	900	0	INTERLACED_NEEDS_IVTC
/Volumes/nas/media/archive/charmed/Charmed - s06e15.mkv	mpeg2video	480	30000/1001	30.00	30.00	900	0	INTERLACED_NEEDS_IVTC
/Volumes/nas/media/archive/charmed/Charmed - s06e16.mkv	mpeg2video	480	30000/1001	30.00	30.00	900	0	INTERLACED_NEEDS_IVTC
/Volumes/nas/media/archive/charmed/Charmed - s06e17.mkv	mpeg2video	480	30000/1001	30.00	30.00	895	4	INTERLACED_NEEDS_IVTC
/Volumes/nas/media/archive/charmed/Charmed - s06e18.mkv	mpeg2video	480	30000/1001	30.00	30.00	900	0	INTERLACED_NEEDS_IVTC
/Volumes/nas/media/archive/charmed/Charmed - s06e19.mkv	mpeg2video	480	30000/1001	30.00	30.00	895	4	INTERLACED_NEEDS_IVTC
/Volumes/nas/media/archive/charmed/Charmed - s06e20.mkv	mpeg2video	480	30000/1001	30.00	30.00	892	8	INTERLACED_NEEDS_IVTC
/Volumes/nas/media/archive/charmed/Charmed - s06e21.mkv	mpeg2video	480	30000/1001	30.00	30.00	888	4	INTERLACED_NEEDS_IVTC
/Volumes/nas/media/archive/charmed/Charmed - s06e22e23.mkv	mpeg2video	480	30000/1001	30.00	30.00	899	0	INTERLACED_NEEDS_IVTC
/Volumes/nas/media/archive/charmed/Charmed - s07e01.mkv	mpeg2video	480	30000/1001	30.00	30.00	896	4	INTERLACED_NEEDS_IVTC
/Volumes/nas/media/archive/charmed/Charmed - s07e02.mkv	mpeg2video	480	30000/1001	30.00	30.00	896	4	INTERLACED_NEEDS_IVTC
/Volumes/nas/media/archive/charmed/Charmed - s07e03.mkv	mpeg2video	480	30000/1001	30.00	30.00	882	8	INTERLACED_NEEDS_IVTC
/Volumes/nas/media/archive/charmed/Charmed - s07e04.mkv	mpeg2video	480	30000/1001	30.00	30.00	882	18	INTERLACED_NEEDS_IVTC
/Volumes/nas/media/archive/charmed/Charmed - s07e05.mkv	mpeg2video	480	30000/1001	30.00	30.00	900	0	INTERLACED_NEEDS_IVTC
/Volumes/nas/media/archive/charmed/Charmed - s07e06.mkv	mpeg2video	480	30000/1001	30.00	30.00	900	0	INTERLACED_NEEDS_IVTC
/Volumes/nas/media/archive/charmed/Charmed - s07e07.mkv	mpeg2video	480	30000/1001	30.00	30.00	896	4	INTERLACED_NEEDS_IVTC
/Volumes/nas/media/archive/charmed/Charmed - s07e08.mkv	mpeg2video	480	30000/1001	30.00	30.00	900	0	INTERLACED_NEEDS_IVTC
/Volumes/nas/media/archive/charmed/Charmed - s07e09.mkv	mpeg2video	480	30000/1001	30.00	30.00	900	0	INTERLACED_NEEDS_IVTC
/Volumes/nas/media/archive/charmed/Charmed - s07e10.mkv	mpeg2video	480	30000/1001	30.00	30.00	891	9	INTERLACED_NEEDS_IVTC
/Volumes/nas/media/archive/charmed/Charmed - s07e11.mkv	mpeg2video	480	30000/1001	30.00	30.00	900	0	INTERLACED_NEEDS_IVTC
/Volumes/nas/media/archive/charmed/Charmed - s07e12.mkv	mpeg2video	480	30000/1001	30.00	30.00	900	0	INTERLACED_NEEDS_IVTC
/Volumes/nas/media/archive/charmed/Charmed - s07e13.mkv	mpeg2video	480	30000/1001	30.00	30.00	899	0	INTERLACED_NEEDS_IVTC
/Volumes/nas/media/archive/charmed/Charmed - s07e14.mkv	mpeg2video	480	30000/1001	30.00	30.00	893	7	INTERLACED_NEEDS_IVTC
/Volumes/nas/media/archive/charmed/Charmed - s07e15.mkv	mpeg2video	480	30000/1001	30.00	30.00	900	0	INTERLACED_NEEDS_IVTC
/Volumes/nas/media/archive/charmed/Charmed - s07e16.mkv	mpeg2video	480	30000/1001	30.00	30.00	897	0	INTERLACED_NEEDS_IVTC
/Volumes/nas/media/archive/charmed/Charmed - s07e17.mkv	mpeg2video	480	30000/1001	30.00	30.00	878	12	INTERLACED_NEEDS_IVTC
/Volumes/nas/media/archive/charmed/Charmed - s07e18.mkv	mpeg2video	480	30000/1001	30.00	30.00	893	6	INTERLACED_NEEDS_IVTC
/Volumes/nas/media/archive/charmed/Charmed - s07e19.mkv	mpeg2video	480	30000/1001	30.00	30.00	896	4	INTERLACED_NEEDS_IVTC
/Volumes/nas/media/archive/charmed/Charmed - s07e20.mkv	mpeg2video	480	30000/1001	30.00	30.00	881	18	INTERLACED_NEEDS_IVTC
/Volumes/nas/media/archive/charmed/Charmed - s07e21.mkv	mpeg2video	480	30000/1001	30.00	30.00	899	0	INTERLACED_NEEDS_IVTC
/Volumes/nas/media/archive/charmed/Charmed - s07e22.mkv	mpeg2video	480	30000/1001	30.00	30.00	770	130	INTERLACED_NEEDS_IVTC
/Volumes/nas/media/archive/charmed/Charmed - s08e01.mkv	mpeg2video	480	30000/1001	30.00	30.00	896	4	INTERLACED_NEEDS_IVTC
/Volumes/nas/media/archive/charmed/Charmed - s08e02.mkv	mpeg2video	480	30000/1001	30.00	30.00	889	8	INTERLACED_NEEDS_IVTC
/Volumes/nas/media/archive/charmed/Charmed - s08e03.mkv	mpeg2video	480	30000/1001	30.00	30.00	891	9	INTERLACED_NEEDS_IVTC
/Volumes/nas/media/archive/charmed/Charmed - s08e04.mkv	mpeg2video	480	30000/1001	30.00	30.00	900	0	INTERLACED_NEEDS_IVTC
/Volumes/nas/media/archive/charmed/Charmed - s08e05.mkv	mpeg2video	480	30000/1001	30.00	30.00	858	42	INTERLACED_NEEDS_IVTC
/Volumes/nas/media/archive/charmed/Charmed - s08e07.mkv	mpeg2video	480	30000/1001	30.00	30.00	900	0	INTERLACED_NEEDS_IVTC
/Volumes/nas/media/archive/charmed/Charmed - s08e06.mkv	mpeg2video	480	30000/1001	30.00	30.00	895	5	INTERLACED_NEEDS_IVTC
/Volumes/nas/media/archive/charmed/Charmed - s08e08.mkv	mpeg2video	480	30000/1001	30.00	30.00	895	4	INTERLACED_NEEDS_IVTC
/Volumes/nas/media/archive/charmed/Charmed - s08e09.mkv	mpeg2video	480	30000/1001	30.00	30.00	883	16	INTERLACED_NEEDS_IVTC
/Volumes/nas/media/archive/charmed/Charmed - s08e10.mkv	mpeg2video	480	30000/1001	30.00	30.00	900	0	INTERLACED_NEEDS_IVTC
/Volumes/nas/media/archive/charmed/Charmed - s08e11.mkv	mpeg2video	480	30000/1001	30.00	30.00	892	8	INTERLACED_NEEDS_IVTC
/Volumes/nas/media/archive/charmed/Charmed - s08e12.mkv	mpeg2video	480	30000/1001	30.00	30.00	900	0	INTERLACED_NEEDS_IVTC
/Volumes/nas/media/archive/charmed/Charmed - s08e13.mkv	mpeg2video	480	30000/1001	30.00	30.00	896	4	INTERLACED_NEEDS_IVTC
/Volumes/nas/media/archive/charmed/Charmed - s08e14.mkv	mpeg2video	480	30000/1001	30.00	30.00	896	4	INTERLACED_NEEDS_IVTC
/Volumes/nas/media/archive/charmed/Charmed - s08e15.mkv	mpeg2video	480	30000/1001	30.00	30.00	896	4	INTERLACED_NEEDS_IVTC
/Volumes/nas/media/archive/charmed/Charmed - s08e16.mkv	mpeg2video	480	30000/1001	30.00	30.00	900	0	INTERLACED_NEEDS_IVTC
/Volumes/nas/media/archive/charmed/Charmed - s08e17.mkv	mpeg2video	480	30000/1001	30.00	30.00	872	25	INTERLACED_NEEDS_IVTC
/Volumes/nas/media/archive/charmed/Charmed - s08e18.mkv	mpeg2video	480	30000/1001	30.00	30.00	895	4	INTERLACED_NEEDS_IVTC
/Volumes/nas/media/archive/charmed/Charmed - s08e19.mkv	mpeg2video	480	30000/1001	30.00	30.00	900	0	INTERLACED_NEEDS_IVTC
/Volumes/nas/media/archive/charmed/Charmed - s08e20.mkv	mpeg2video	480	30000/1001	30.00	30.00	900	0	INTERLACED_NEEDS_IVTC
/Volumes/nas/media/archive/charmed/Charmed - s08e21.mkv	mpeg2video	480	30000/1001	30.00	30.00	900	0	INTERLACED_NEEDS_IVTC
/Volumes/nas/media/archive/charmed/Charmed - s08e22.mkv	mpeg2video	480	30000/1001	30.00	30.00	897	0	INTERLACED_NEEDS_IVTC
/Volumes/nas/media/archive/Cinderella Man.mkv	mpeg2video	480	30000/1001	24.03	24.00	0	704	SOFT_TC_NO_FILTER
/Volumes/nas/media/archive/Click.mkv	mpeg2video	480	30000/1001	24.00	24.00	0	720	SOFT_TC_NO_FILTER
/Volumes/nas/media/archive/Cloudy With A Chance Of Meatballs.mkv	mpeg2video	480	30000/1001	24.00	24.00	0	707	SOFT_TC_NO_FILTER
/Volumes/nas/media/archive/Clue.mkv	mpeg2video	480	30000/1001	24.00	24.00	0	719	SOFT_TC_NO_FILTER
/Volumes/nas/media/archive/Collateral.mkv	mpeg2video	480	30000/1001	24.00	24.00	0	719	SOFT_TC_NO_FILTER
/Volumes/nas/media/archive/Conair.mkv	mpeg2video	480	30000/1001	24.00	24.00	0	720	SOFT_TC_NO_FILTER
/Volumes/nas/media/archive/Crocodile Dundee 2.mkv	mpeg2video	480	30000/1001	24.00	24.00	0	653	SOFT_TC_NO_FILTER
/Volumes/nas/media/archive/Crocodile Dundee.mkv	mpeg2video	480	30000/1001	24.00	24.00	0	720	SOFT_TC_NO_FILTER
/Volumes/nas/media/archive/Dark Knight Rises.mkv	mpeg2video	480	30000/1001	24.00	24.00	0	717	SOFT_TC_NO_FILTER
/Volumes/nas/media/archive/Date Night.mkv	mpeg2video	480	30000/1001	24.00	24.00	0	720	SOFT_TC_NO_FILTER
/Volumes/nas/media/archive/Dawn of the Dead.mkv	mpeg2video	480	30000/1001	24.00	24.00	51	616	SOFT_TC_NO_FILTER
/Volumes/nas/media/archive/DeadByDawn.mkv	mpeg2video	480	30000/1001	30.00	30.00	900	0	INTERLACED_NEEDS_IVTC
/Volumes/nas/media/archive/DejaVu (2006).mkv	mpeg2video	480	30000/1001	24.00	24.00	0	720	SOFT_TC_NO_FILTER
/Volumes/nas/media/archive/DELIVERANCE.mkv	mpeg2video	480	30000/1001	24.00	24.00	0	719	SOFT_TC_NO_FILTER
/Volumes/nas/media/archive/Despicable Me.mkv	mpeg2video	480	30000/1001	24.00	24.00	0	720	SOFT_TC_NO_FILTER
/Volumes/nas/media/archive/Diamonds Are Forever.mkv	mpeg2video	480	30000/1001	24.00	24.00	0	655	SOFT_TC_NO_FILTER
/Volumes/nas/media/archive/Die Another Day.mkv	mpeg2video	480	30000/1001	24.00	24.00	0	720	SOFT_TC_NO_FILTER
/Volumes/nas/media/archive/Die Hard 2.mkv	mpeg2video	480	30000/1001	24.00	24.00	0	692	SOFT_TC_NO_FILTER
/Volumes/nas/media/archive/Die Hard with a Vengeance (1995).mkv	mpeg2video	480	30000/1001	24.00	24.00	0	670	SOFT_TC_NO_FILTER
/Volumes/nas/media/archive/Die Hard.mkv	mpeg2video	480	30000/1001	24.00	24.00	0	720	SOFT_TC_NO_FILTER
/Volumes/nas/media/archive/Dirty Rotten Scoundrels (1988).mkv	mpeg2video	480	30000/1001	24.00	24.00	0	705	SOFT_TC_NO_FILTER
/Volumes/nas/media/archive/Disturbia.mkv	mpeg2video	480	30000/1001	24.00	24.00	0	720	SOFT_TC_NO_FILTER
/Volumes/nas/media/archive/donedone/Bourne Identity(1).mkv	mpeg2video	480	30000/1001	24.00	24.03	0	720	SOFT_TC_NO_FILTER
/Volumes/nas/media/archive/donedone/Bourne Legacy(1).mkv	mpeg2video	480	30000/1001	24.00	24.00	0	720	SOFT_TC_NO_FILTER
/Volumes/nas/media/archive/donedone/Bourne Supremacy(1).mkv	mpeg2video	480	30000/1001	24.03	24.03	0	721	SOFT_TC_NO_FILTER
/Volumes/nas/media/archive/donedone/Bourne Ultimatum(1).mkv	mpeg2video	480	30000/1001	24.00	24.00	0	720	SOFT_TC_NO_FILTER
/Volumes/nas/media/archive/donedone/Vertigo.mkv	mpeg2video	480	30000/1001	24.00	24.00	0	720	SOFT_TC_NO_FILTER
/Volumes/nas/media/archive/Down With Love.mkv	mpeg2video	480	30000/1001	24.00	24.00	0	698	SOFT_TC_NO_FILTER
/Volumes/nas/media/archive/Dr Strangelove.mkv	mpeg2video	480	30000/1001	24.03	24.00	0	665	SOFT_TC_NO_FILTER
/Volumes/nas/media/archive/Dr No.mkv	mpeg2video	480	30000/1001	24.00	24.00	0	628	SOFT_TC_NO_FILTER
/Volumes/nas/media/archive/Drag Me To Hell.mkv	mpeg2video	480	30000/1001	24.00	24.00	0	706	SOFT_TC_NO_FILTER
/Volumes/nas/media/archive/Dragnet.mkv	mpeg2video	480	30000/1001	24.00	24.00	0	720	SOFT_TC_NO_FILTER
/Volumes/nas/media/archive/Dumb And Dumber.mkv	mpeg2video	480	30000/1001	24.00	24.00	0	719	SOFT_TC_NO_FILTER
/Volumes/nas/media/archive/Ephraim's Rescue.mkv	mpeg2video	480	30000/1001	24.00	24.00	0	720	SOFT_TC_NO_FILTER
/Volumes/nas/media/archive/Enchanted.mkv	mpeg2video	480	30000/1001	24.00	24.00	0	720	SOFT_TC_NO_FILTER
/Volumes/nas/media/archive/Evil Dead 2 (1987).mkv	mpeg2video	480	30000/1001	24.06	24.00	0	722	SOFT_TC_NO_FILTER
/Volumes/nas/media/archive/Finding Nemo (2003).mkv	mpeg2video	480	30000/1001	24.00	24.00	0	690	SOFT_TC_NO_FILTER
/Volumes/nas/media/archive/Frozen.mkv	mpeg2video	480	30000/1001	24.00	24.00	0	720	SOFT_TC_NO_FILTER
/Volumes/nas/media/archive/Free Birds (2013).mkv	mpeg2video	480	30000/1001	24.00	24.00	0	720	SOFT_TC_NO_FILTER
/Volumes/nas/media/archive/Ghostbusters II (1989).mkv	mpeg2video	480	30000/1001	24.00	24.00	0	720	SOFT_TC_NO_FILTER
/Volumes/nas/media/archive/Ghostbusters.mkv	mpeg2video	480	30000/1001	24.00	24.00	0	719	SOFT_TC_NO_FILTER
/Volumes/nas/media/archive/Goodfellas (1990).mkv	mpeg2video	480	30000/1001	24.00	24.03	0	720	SOFT_TC_NO_FILTER
/Volumes/nas/media/archive/Goonies.mkv	mpeg2video	480	30000/1001	24.00	24.00	0	699	SOFT_TC_NO_FILTER
/Volumes/nas/media/archive/Goosebumps 2.mkv	mpeg2video	480	30000/1001	24.00	24.00	0	628	SOFT_TC_NO_FILTER
/Volumes/nas/media/archive/Goosebumps.mkv	mpeg2video	480	30000/1001	24.00	24.00	0	720	SOFT_TC_NO_FILTER
/Volumes/nas/media/archive/Happy Feet.mkv	mpeg2video	480	30000/1001	24.00	24.00	0	720	SOFT_TC_NO_FILTER
/Volumes/nas/media/archive/Herbie Fully Loaded.mkv	mpeg2video	480	30000/1001	24.00	24.00	0	719	SOFT_TC_NO_FILTER
/Volumes/nas/media/archive/Hocus Pocus.mkv	mpeg2video	480	30000/1001	24.00	24.00	0	719	SOFT_TC_NO_FILTER
/Volumes/nas/media/archive/Home Alone.mkv	mpeg2video	480	30000/1001	24.00	24.00	0	674	SOFT_TC_NO_FILTER
/Volumes/nas/media/archive/Horton Hears A Who.mkv	mpeg2video	480	30000/1001	24.00	24.00	0	714	SOFT_TC_NO_FILTER
/Volumes/nas/media/archive/Home(2015).mkv	mpeg2video	480	30000/1001	24.00	24.00	0	719	SOFT_TC_NO_FILTER
/Volumes/nas/media/archive/Hotel Transylvania 2.mkv	mpeg2video	480	30000/1001	24.00	24.00	0	720	SOFT_TC_NO_FILTER
/Volumes/nas/media/archive/Hotel Transylvania 3.mkv	mpeg2video	480	30000/1001	24.00	24.00	0	711	SOFT_TC_NO_FILTER
/Volumes/nas/media/archive/How the Grinch Stole Christmas.mkv	mpeg2video	480	30000/1001	24.00	24.00	0	699	SOFT_TC_NO_FILTER
/Volumes/nas/media/archive/Hotel Transylvania.mkv	mpeg2video	480	30000/1001	24.00	24.00	0	719	SOFT_TC_NO_FILTER
/Volumes/nas/media/archive/How to Train Your Dragon (2010).mkv	mpeg2video	480	30000/1001	24.00	24.00	0	696	SOFT_TC_NO_FILTER
/Volumes/nas/media/archive/Ice Age (2002).mkv	mpeg2video	480	30000/1001	24.00	24.00	0	719	SOFT_TC_NO_FILTER
/Volumes/nas/media/archive/Incredibles.mkv	mpeg2video	480	30000/1001	24.00	24.00	0	720	SOFT_TC_NO_FILTER
/Volumes/nas/media/archive/Independence Day.mkv	mpeg2video	480	30000/1001	24.00	24.03	0	720	SOFT_TC_NO_FILTER
/Volumes/nas/media/archive/Indiana Jones and the Last Crusade (1989).mkv	mpeg2video	480	30000/1001	24.00	24.00	0	719	SOFT_TC_NO_FILTER
/Volumes/nas/media/archive/Indiana Jones and the Temple Of Doom (1984).mkv	mpeg2video	480	30000/1001	24.00	24.00	0	720	SOFT_TC_NO_FILTER
/Volumes/nas/media/archive/Iron Man.mkv	mpeg2video	480	30000/1001	24.00	24.00	0	720	SOFT_TC_NO_FILTER
/Volumes/nas/media/archive/Into The Woods.mkv	mpeg2video	480	30000/1001	24.00	24.00	0	696	SOFT_TC_NO_FILTER
/Volumes/nas/media/archive/Jurassic Park (1993).mkv	mpeg2video	480	30000/1001	24.00	24.00	0	720	SOFT_TC_NO_FILTER
/Volumes/nas/media/archive/Jurassic Park III (2001).mkv	mpeg2video	480	30000/1001	24.00	24.00	0	720	SOFT_TC_NO_FILTER
/Volumes/nas/media/archive/Jurassic World (2015).mkv	mpeg2video	480	30000/1001	24.00	24.00	0	720	SOFT_TC_NO_FILTER
/Volumes/nas/media/archive/Kill Bill Vol 1.mkv	mpeg2video	480	30000/1001	24.00	24.00	0	720	SOFT_TC_NO_FILTER
/Volumes/nas/media/archive/Kill Bill Vol 2.mkv	mpeg2video	480	30000/1001	24.03	24.00	0	721	SOFT_TC_NO_FILTER
/Volumes/nas/media/archive/Killing Eve- Season One/Killing Eve - s01e02 - Ill Deal With Him Later.mkv	h264	1080	24000/1001	24.00	24.00	0	720	SOFT_TC_NO_FILTER
/Volumes/nas/media/archive/Killing Eve- Season One/Killing Eve - s01e01 - Nice Face.mkv	h264	1080	24000/1001	24.00	24.00	0	720	SOFT_TC_NO_FILTER
/Volumes/nas/media/archive/Killing Eve- Season One/Killing Eve - s01e04 - Sorry Baby.mkv	h264	1080	24000/1001	24.00	24.00	0	720	SOFT_TC_NO_FILTER
/Volumes/nas/media/archive/Killing Eve- Season One/Killing Eve - s01e03 - Dont I Know You.mkv	h264	1080	24000/1001	24.00	24.00	0	720	SOFT_TC_NO_FILTER
/Volumes/nas/media/archive/Killing Eve- Season One/Killing Eve - s01e05 - I Have a Thing About Bathrooms.mkv	h264	1080	24000/1001	24.00	24.00	0	720	SOFT_TC_NO_FILTER
/Volumes/nas/media/archive/Killing Eve- Season One/Killing Eve - s01e06 - Take Me to the Hole!.mkv	h264	1080	24000/1001	24.00	24.00	0	720	SOFT_TC_NO_FILTER
/Volumes/nas/media/archive/Killing Eve- Season One/Killing Eve - s01e07 - I Dont Want to Be Free.mkv	h264	1080	24000/1001	24.00	24.00	0	719	SOFT_TC_NO_FILTER
/Volumes/nas/media/archive/Killing Eve- Season One/Killing Eve - s01e08 - God Im Tired.mkv	h264	1080	24000/1001	24.00	24.00	0	720	SOFT_TC_NO_FILTER
/Volumes/nas/media/archive/Killing Eve- Season One/Season 2/Killing Eve - s02e01 - Do You Know How to Dispose of a Body?.mkv	h264	1080	24000/1001	24.00	24.00	0	719	SOFT_TC_NO_FILTER
/Volumes/nas/media/archive/Killing Eve- Season One/Season 2/Killing Eve - s02e04 - Desperate Times.mkv	h264	1080	24000/1001	24.00	24.00	0	720	SOFT_TC_NO_FILTER
/Volumes/nas/media/archive/Killing Eve- Season One/Season 2/Killing Eve - s02e02 - Nice and Neat.mkv	h264	1080	24000/1001	24.00	24.00	0	719	SOFT_TC_NO_FILTER
/Volumes/nas/media/archive/Killing Eve- Season One/Season 2/Killing Eve - s02e03 - The Hungry Caterpillar.mkv	h264	1080	24000/1001	24.00	24.00	0	720	SOFT_TC_NO_FILTER
/Volumes/nas/media/archive/Killing Eve- Season One/Season 2/Killing Eve - s02e05 - Smell Ya Later.mkv	h264	1080	24000/1001	24.00	24.00	0	719	SOFT_TC_NO_FILTER
/Volumes/nas/media/archive/Kingdom of Heaven (2005).mkv	mpeg2video	480	30000/1001	24.00	24.00	0	720	SOFT_TC_NO_FILTER
/Volumes/nas/media/archive/Killing Eve- Season One/Season 2/Killing Eve - s02e07 - Wide Awake.mkv	h264	1080	24000/1001	24.00	24.00	0	720	SOFT_TC_NO_FILTER
/Volumes/nas/media/archive/Killing Eve- Season One/Season 2/Killing Eve - s02e06 - Hope You Like Missionary.mkv	h264	1080	24000/1001	24.00	24.00	0	720	SOFT_TC_NO_FILTER
/Volumes/nas/media/archive/Killing Eve- Season One/Season 2/Killing Eve - s02e08 - You're Mine.mkv	h264	1080	24000/1001	24.00	24.00	0	720	SOFT_TC_NO_FILTER
/Volumes/nas/media/archive/Kung Fu Panda 2.mkv	mpeg2video	480	30000/1001	24.00	24.00	0	719	SOFT_TC_NO_FILTER
/Volumes/nas/media/archive/Lilo & Stitch (2002).mkv	mpeg2video	480	30000/1001	24.00	24.00	0	720	SOFT_TC_NO_FILTER
/Volumes/nas/media/archive/Kung Fu Panda.mkv	mpeg2video	480	30000/1001	24.00	24.00	0	716	SOFT_TC_NO_FILTER
/Volumes/nas/media/archive/Madagascar 2.mkv	mpeg2video	480	30000/1001	24.00	24.00	0	719	SOFT_TC_NO_FILTER
/Volumes/nas/media/archive/Madagascar.mkv	mpeg2video	480	30000/1001	24.00	24.00	0	717	SOFT_TC_NO_FILTER
/Volumes/nas/media/archive/Men in Black II (2002).mkv	mpeg2video	480	30000/1001	24.00	24.00	0	719	SOFT_TC_NO_FILTER
/Volumes/nas/media/archive/Matilda.mkv	mpeg2video	480	30000/1001	24.00	24.00	0	720	SOFT_TC_NO_FILTER
/Volumes/nas/media/archive/Men In Black.mkv	mpeg2video	480	30000/1001	24.00	24.00	270	449	SOFT_TC_NO_FILTER
/Volumes/nas/media/archive/Minions - The Rise of Gru.mkv	mpeg2video	480	30000/1001	24.00	24.00	0	720	SOFT_TC_NO_FILTER
/Volumes/nas/media/archive/Minions.mkv	mpeg2video	480	30000/1001	24.00	24.00	0	720	SOFT_TC_NO_FILTER
/Volumes/nas/media/archive/Moms Night Out.mkv	mpeg2video	480	30000/1001	24.00	24.00	0	720	SOFT_TC_NO_FILTER
/Volumes/nas/media/archive/Monsters Inc.mkv	mpeg2video	480	30000/1001	24.00	24.00	0	712	SOFT_TC_NO_FILTER
/Volumes/nas/media/archive/Mr Poppers Penguins.mkv	mpeg2video	480	30000/1001	24.00	24.00	0	719	SOFT_TC_NO_FILTER
/Volumes/nas/media/archive/Mr. Bean's Holiday.mkv	mpeg2video	480	30000/1001	24.00	24.00	0	719	SOFT_TC_NO_FILTER
/Volumes/nas/media/archive/Nacho Libre.mkv	mpeg2video	480	30000/1001	24.00	24.00	0	720	SOFT_TC_NO_FILTER
/Volumes/nas/media/archive/Napoleon Dynamite.mkv	mpeg2video	480	30000/1001	24.00	24.00	0	671	SOFT_TC_NO_FILTER
/Volumes/nas/media/archive/Night at the Museum Battle of the Smithsonian.mkv	mpeg2video	480	30000/1001	24.00	24.00	0	713	SOFT_TC_NO_FILTER
/Volumes/nas/media/archive/Night At The Museum Secret of the tomb.mkv	mpeg2video	480	30000/1001	24.00	24.00	0	720	SOFT_TC_NO_FILTER
/Volumes/nas/media/archive/Night At The Museum.mkv	mpeg2video	480	30000/1001	24.00	24.00	0	720	SOFT_TC_NO_FILTER
/Volumes/nas/media/archive/O Brother, Where Art Thou (2000).mkv	mpeg2video	480	30000/1001	24.00	24.00	0	720	SOFT_TC_NO_FILTER
/Volumes/nas/media/archive/office/The Office - s01e01 - Pilot.mkv	mpeg2video	480	30000/1001	24.00	24.00	0	720	SOFT_TC_NO_FILTER
/Volumes/nas/media/archive/office/The Office - s01e02 - Diversity Day.mkv	mpeg2video	480	30000/1001	24.00	24.00	0	719	SOFT_TC_NO_FILTER
/Volumes/nas/media/archive/office/The Office - s01e04 - The Alliance.mkv	mpeg2video	480	30000/1001	24.00	24.00	0	720	SOFT_TC_NO_FILTER
/Volumes/nas/media/archive/office/The Office - s01e03 - Health Care.mkv	mpeg2video	480	30000/1001	24.00	24.00	0	720	SOFT_TC_NO_FILTER
/Volumes/nas/media/archive/office/The Office - s01e05 - Basketball.mkv	mpeg2video	480	30000/1001	24.00	24.00	0	719	SOFT_TC_NO_FILTER
/Volumes/nas/media/archive/office/The Office - s01e06 - Hot Girl.mkv	mpeg2video	480	30000/1001	24.00	24.00	0	720	SOFT_TC_NO_FILTER
/Volumes/nas/media/archive/office/The Office - s02e01 - The Dundies.mkv	mpeg2video	480	30000/1001	24.00	24.00	0	720	SOFT_TC_NO_FILTER
/Volumes/nas/media/archive/office/The Office - s02e02 - Sexual Harassment.mkv	mpeg2video	480	30000/1001	24.00	24.00	0	720	SOFT_TC_NO_FILTER
/Volumes/nas/media/archive/office/The Office - s02e03 - The Office Olympics.mkv	mpeg2video	480	30000/1001	24.00	24.00	0	696	SOFT_TC_NO_FILTER
/Volumes/nas/media/archive/office/The Office - s02e04 - The Fire.mkv	mpeg2video	480	30000/1001	24.00	24.00	0	720	SOFT_TC_NO_FILTER
/Volumes/nas/media/archive/office/The Office - s02e05 - Halloween.mkv	mpeg2video	480	30000/1001	24.00	24.00	0	719	SOFT_TC_NO_FILTER
/Volumes/nas/media/archive/office/The Office - s02e06 - The Fight.mkv	mpeg2video	480	30000/1001	24.00	24.00	0	720	SOFT_TC_NO_FILTER
/Volumes/nas/media/archive/office/The Office - s02e07 - The Client.mkv	mpeg2video	480	30000/1001	24.00	24.00	0	720	SOFT_TC_NO_FILTER
/Volumes/nas/media/archive/office/The Office - s02e08 - Performance Review.mkv	mpeg2video	480	30000/1001	24.00	24.00	0	720	SOFT_TC_NO_FILTER
/Volumes/nas/media/archive/office/The Office - s02e09 - Email Surveillance.mkv	mpeg2video	480	30000/1001	24.00	24.00	0	720	SOFT_TC_NO_FILTER
/Volumes/nas/media/archive/office/The Office - s02e10 - Christmas Party.mkv	mpeg2video	480	30000/1001	24.00	24.20	0	720	SOFT_TC_NO_FILTER
/Volumes/nas/media/archive/office/The Office - s02e11 - Booze Cruise.mkv	mpeg2video	480	30000/1001	24.40	24.00	57	668	SOFT_TC_NO_FILTER
/Volumes/nas/media/archive/office/The Office - s02e12 - The Injury.mkv	mpeg2video	480	30000/1001	24.00	24.00	0	720	SOFT_TC_NO_FILTER
/Volumes/nas/media/archive/office/The Office - s02e13 - The Secret.mkv	mpeg2video	480	30000/1001	24.00	24.00	0	720	SOFT_TC_NO_FILTER
/Volumes/nas/media/archive/office/The Office - s02e14 - Carpet.mkv	mpeg2video	480	30000/1001	24.00	24.00	0	720	SOFT_TC_NO_FILTER
/Volumes/nas/media/archive/office/The Office - s02e15 - Boys and Girls.mkv	mpeg2video	480	30000/1001	24.00	24.00	0	720	SOFT_TC_NO_FILTER
/Volumes/nas/media/archive/office/The Office - s02e16 - Valentine's Day.mkv	mpeg2video	480	30000/1001	24.33	24.30	4	726	SOFT_TC_NO_FILTER
/Volumes/nas/media/archive/office/The Office - s02e17 - Dwight's Speech.mkv	mpeg2video	480	30000/1001	24.00	24.00	0	720	SOFT_TC_NO_FILTER
/Volumes/nas/media/archive/office/The Office - s02e18 - Take your daughter to work day.mkv	mpeg2video	480	30000/1001	24.00	24.00	0	720	SOFT_TC_NO_FILTER
/Volumes/nas/media/archive/office/The Office - s02e19 - Michael's Birthday.mkv	mpeg2video	480	30000/1001	24.03	24.23	4	717	SOFT_TC_NO_FILTER
/Volumes/nas/media/archive/office/The Office - s02e20 - Drug Testing.mkv	mpeg2video	480	30000/1001	24.00	24.00	0	720	SOFT_TC_NO_FILTER
/Volumes/nas/media/archive/office/The Office - s02e21 - Conflict Resolution.mkv	mpeg2video	480	30000/1001	24.00	24.30	0	720	SOFT_TC_NO_FILTER
/Volumes/nas/media/archive/office/The Office - s02e22 - Casino Night.mkv	mpeg2video	480	30000/1001	24.00	24.00	0	720	SOFT_TC_NO_FILTER
/Volumes/nas/media/archive/office/The Office - s03e01 - Gay Witch Hunt.mkv	mpeg2video	480	30000/1001	24.00	24.00	0	720	SOFT_TC_NO_FILTER
/Volumes/nas/media/archive/office/The Office - s03e02 - The Convention.mkv	mpeg2video	480	30000/1001	24.00	24.00	0	720	SOFT_TC_NO_FILTER
/Volumes/nas/media/archive/office/The Office - s03e03 - The Coup.mkv	mpeg2video	480	30000/1001	24.00	24.00	0	720	SOFT_TC_NO_FILTER
/Volumes/nas/media/archive/office/The Office - s03e04 - Grief Counseling.mkv	mpeg2video	480	30000/1001	24.00	24.00	0	720	SOFT_TC_NO_FILTER
/Volumes/nas/media/archive/office/The Office - s03e05 - Initiation.mkv	mpeg2video	480	30000/1001	24.00	24.00	0	720	SOFT_TC_NO_FILTER
/Volumes/nas/media/archive/office/The Office - s03e06 - Diwali.mkv	mpeg2video	480	30000/1001	24.00	24.00	0	720	SOFT_TC_NO_FILTER
/Volumes/nas/media/archive/office/The Office - s03e07 - Branch Closing.mkv	mpeg2video	480	30000/1001	24.00	24.00	0	720	SOFT_TC_NO_FILTER
/Volumes/nas/media/archive/office/The Office - s03e08 - The Merger.mkv	mpeg2video	480	30000/1001	24.00	24.00	0	720	SOFT_TC_NO_FILTER
/Volumes/nas/media/archive/office/The Office - s03e09 - The Convict.mkv	mpeg2video	480	30000/1001	24.00	24.00	0	720	SOFT_TC_NO_FILTER
/Volumes/nas/media/archive/office/The Office - s03e10 - A Benihana Christmas.mkv	mpeg2video	480	30000/1001	24.00	24.00	0	720	SOFT_TC_NO_FILTER
/Volumes/nas/media/archive/office/The Office - s03e11 - Back From Vacation.mkv	mpeg2video	480	30000/1001	24.00	24.00	0	720	SOFT_TC_NO_FILTER
/Volumes/nas/media/archive/office/The Office - s03e12 - Traveling Salesmen:The Return.mkv	mpeg2video	480	30000/1001	24.00	24.00	0	720	SOFT_TC_NO_FILTER
/Volumes/nas/media/archive/office/The Office - s03e14 - Ben Franklin.mkv	mpeg2video	480	30000/1001	24.00	24.00	0	720	SOFT_TC_NO_FILTER
/Volumes/nas/media/archive/office/The Office - s03e15 - Phyllis' Wedding.mkv	mpeg2video	480	30000/1001	24.00	24.00	0	720	SOFT_TC_NO_FILTER
/Volumes/nas/media/archive/office/The Office - s03e16 - Business School.mkv	mpeg2video	480	30000/1001	24.00	24.00	0	720	SOFT_TC_NO_FILTER
/Volumes/nas/media/archive/office/The Office - s03e17 - Cocktails.mkv	mpeg2video	480	30000/1001	24.00	24.00	0	720	SOFT_TC_NO_FILTER
/Volumes/nas/media/archive/office/The Office - s03e18 - The Negotiation.mkv	mpeg2video	480	30000/1001	24.00	24.00	0	720	SOFT_TC_NO_FILTER
/Volumes/nas/media/archive/office/The Office - s03e19 - Safety Training.mkv	mpeg2video	480	30000/1001	24.00	24.00	0	720	SOFT_TC_NO_FILTER
/Volumes/nas/media/archive/office/The Office - s03e20 - Product Recall.mkv	mpeg2video	480	30000/1001	24.00	24.00	0	720	SOFT_TC_NO_FILTER
/Volumes/nas/media/archive/office/The Office - s03e21 - Women's Appreciation.mkv	mpeg2video	480	30000/1001	24.00	24.00	0	720	SOFT_TC_NO_FILTER
/Volumes/nas/media/archive/office/The Office - s03e22 - Beach Games.mkv	mpeg2video	480	30000/1001	24.00	24.00	0	720	SOFT_TC_NO_FILTER
/Volumes/nas/media/archive/office/The Office - s03e23 - The Job.mkv	mpeg2video	480	30000/1001	24.00	24.00	0	683	SOFT_TC_NO_FILTER
/Volumes/nas/media/archive/office/The Office - s04e01 - Fun Run.mkv	mpeg2video	480	30000/1001	24.00	24.00	0	720	SOFT_TC_NO_FILTER
/Volumes/nas/media/archive/office/The Office - s04e03 - Dunder Mifflin Infinity.mkv	mpeg2video	480	30000/1001	24.00	24.00	0	718	SOFT_TC_NO_FILTER
/Volumes/nas/media/archive/office/The Office - s04e05 - Launch Party.mkv	mpeg2video	480	30000/1001	24.00	24.00	0	720	SOFT_TC_NO_FILTER
/Volumes/nas/media/archive/office/The Office - s04e07 - Money.mkv	mpeg2video	480	30000/1001	24.00	24.00	0	540	SOFT_TC_NO_FILTER
/Volumes/nas/media/archive/office/The Office - s04e09 - Local Ad.mkv	mpeg2video	480	30000/1001	24.00	24.00	0	720	SOFT_TC_NO_FILTER
/Volumes/nas/media/archive/office/The Office - s04e10 - Branch Wars.mkv	mpeg2video	480	30000/1001	24.00	24.00	0	719	SOFT_TC_NO_FILTER
/Volumes/nas/media/archive/office/The Office - s04e11 - Survivor Man.mkv	mpeg2video	480	30000/1001	24.00	24.00	0	720	SOFT_TC_NO_FILTER
/Volumes/nas/media/archive/office/The Office - s04e12 - The Deposition.mkv	mpeg2video	480	30000/1001	24.00	24.00	0	719	SOFT_TC_NO_FILTER
/Volumes/nas/media/archive/office/The Office - s04e13 - Dinner Party.mkv	mpeg2video	480	30000/1001	24.00	24.00	0	720	SOFT_TC_NO_FILTER
/Volumes/nas/media/archive/office/The Office - s04e14 - The Chair Model.mkv	mpeg2video	480	30000/1001	24.00	24.00	0	720	SOFT_TC_NO_FILTER
/Volumes/nas/media/archive/office/The Office - s04e15 - Night Out.mkv	mpeg2video	480	30000/1001	24.00	24.00	0	720	SOFT_TC_NO_FILTER
/Volumes/nas/media/archive/office/The Office - s04e17 - Job Fair.mkv	mpeg2video	480	30000/1001	24.00	24.00	0	720	SOFT_TC_NO_FILTER
/Volumes/nas/media/archive/office/The Office - s05e01 - Weight Loss.mkv	mpeg2video	480	30000/1001	24.00	24.00	0	520	SOFT_TC_NO_FILTER
/Volumes/nas/media/archive/office/The Office - s04e18 - Goodbye, Toby.mkv	mpeg2video	480	30000/1001	24.00	24.00	0	720	SOFT_TC_NO_FILTER
/Volumes/nas/media/archive/office/The Office - s05e02 - Business Ethics.mkv	mpeg2video	480	30000/1001	24.00	24.00	0	720	SOFT_TC_NO_FILTER
/Volumes/nas/media/archive/office/The Office - s05e03 - Baby Shower.mkv	mpeg2video	480	30000/1001	24.00	24.00	0	720	SOFT_TC_NO_FILTER
/Volumes/nas/media/archive/office/The Office - s05e05 - Employee Transfer.mkv	mpeg2video	480	30000/1001	24.00	24.00	0	720	SOFT_TC_NO_FILTER
/Volumes/nas/media/archive/office/The Office - s05e04 - Crime Aid.mkv	mpeg2video	480	30000/1001	24.00	24.00	0	719	SOFT_TC_NO_FILTER
/Volumes/nas/media/archive/office/The Office - s05e06 - Customer Survey.mkv	mpeg2video	480	30000/1001	24.00	24.00	0	719	SOFT_TC_NO_FILTER
/Volumes/nas/media/archive/office/The Office - s05e07 - Business Trip.mkv	mpeg2video	480	30000/1001	24.00	24.00	0	720	SOFT_TC_NO_FILTER
/Volumes/nas/media/archive/office/The Office - s05e09 - The Surplus.mkv	mpeg2video	480	30000/1001	24.00	24.00	0	720	SOFT_TC_NO_FILTER
/Volumes/nas/media/archive/office/The Office - s05e08 - Frame Toby.mkv	mpeg2video	480	30000/1001	24.00	24.00	0	719	SOFT_TC_NO_FILTER
/Volumes/nas/media/archive/office/The Office - s05e10 - Moroccan Christmas.mkv	mpeg2video	480	30000/1001	24.00	24.00	0	719	SOFT_TC_NO_FILTER
/Volumes/nas/media/archive/office/The Office - s05e11 - The Duel.mkv	mpeg2video	480	30000/1001	24.00	24.00	0	720	SOFT_TC_NO_FILTER
/Volumes/nas/media/archive/office/The Office - s05e12 - Prince Family Paper.mkv	mpeg2video	480	30000/1001	24.00	24.00	0	720	SOFT_TC_NO_FILTER
/Volumes/nas/media/archive/office/The Office - s05e13 - Stress Relief.mkv	mpeg2video	480	30000/1001	24.00	24.00	0	720	SOFT_TC_NO_FILTER
/Volumes/nas/media/archive/office/The Office - s05e14 - Lecture Circuit 1.mkv	mpeg2video	480	30000/1001	24.00	24.00	0	720	SOFT_TC_NO_FILTER
/Volumes/nas/media/archive/office/The Office - s05e15 - Lecture Cicuit 2.mkv	mpeg2video	480	30000/1001	24.00	24.00	0	720	SOFT_TC_NO_FILTER
/Volumes/nas/media/archive/office/The Office - s05e17 - Golden Ticket.mkv	mpeg2video	480	30000/1001	24.00	24.00	0	716	SOFT_TC_NO_FILTER
/Volumes/nas/media/archive/office/The Office - s05e16 - Blood Drive.mkv	mpeg2video	480	30000/1001	24.00	24.00	0	720	SOFT_TC_NO_FILTER
/Volumes/nas/media/archive/office/The Office - s05e18 - New Boss.mkv	mpeg2video	480	30000/1001	24.00	24.00	0	720	SOFT_TC_NO_FILTER
/Volumes/nas/media/archive/office/The Office - s05e19 - Two Weeks.mkv	mpeg2video	480	30000/1001	24.00	24.00	0	720	SOFT_TC_NO_FILTER
/Volumes/nas/media/archive/office/The Office - s05e21 - Michael Scott Paper Company.mkv	mpeg2video	480	30000/1001	24.00	24.00	0	709	SOFT_TC_NO_FILTER
/Volumes/nas/media/archive/office/The Office - s05e20 - Dream Team.mkv	mpeg2video	480	30000/1001	24.00	24.00	0	720	SOFT_TC_NO_FILTER
/Volumes/nas/media/archive/office/The Office - s05e22 - Heavy Competition.mkv	mpeg2video	480	30000/1001	24.00	24.00	0	720	SOFT_TC_NO_FILTER
/Volumes/nas/media/archive/office/The Office - s05e23 - Broke.mkv	mpeg2video	480	30000/1001	24.00	24.00	0	720	SOFT_TC_NO_FILTER
/Volumes/nas/media/archive/office/The Office - s05e24 - Casual Friday.mkv	mpeg2video	480	30000/1001	24.00	24.00	0	720	SOFT_TC_NO_FILTER
/Volumes/nas/media/archive/office/The Office - s05e25 - Cafe Disco.mkv	mpeg2video	480	30000/1001	24.00	24.00	0	720	SOFT_TC_NO_FILTER
/Volumes/nas/media/archive/office/The Office - s05e26 - Company Picnic.mkv	mpeg2video	480	30000/1001	24.00	24.00	0	718	SOFT_TC_NO_FILTER
/Volumes/nas/media/archive/office/The Office - s06e01 - Gossip.mkv	mpeg2video	480	30000/1001	24.00	24.00	0	720	SOFT_TC_NO_FILTER
/Volumes/nas/media/archive/office/The Office - s06e02 - The Meeting.mkv	mpeg2video	480	30000/1001	24.00	24.00	0	720	SOFT_TC_NO_FILTER
/Volumes/nas/media/archive/office/The Office - s06e03 - The Promotion.mkv	mpeg2video	480	30000/1001	24.00	24.00	0	720	SOFT_TC_NO_FILTER
/Volumes/nas/media/archive/office/The Office - s06e04 - Niagara.mkv	mpeg2video	480	30000/1001	24.00	24.00	0	720	SOFT_TC_NO_FILTER
/Volumes/nas/media/archive/office/The Office - s06e06 - Mafia.mkv	mpeg2video	480	30000/1001	24.00	24.00	0	719	SOFT_TC_NO_FILTER
/Volumes/nas/media/archive/office/The Office - s06e07 - The Lover.mkv	mpeg2video	480	30000/1001	24.00	24.00	0	717	SOFT_TC_NO_FILTER
/Volumes/nas/media/archive/office/The Office - s06e08 - Koi Pond.mkv	mpeg2video	480	30000/1001	24.03	24.00	0	601	SOFT_TC_NO_FILTER
/Volumes/nas/media/archive/office/The Office - s06e09 - Double Date.mkv	mpeg2video	480	30000/1001	24.00	24.00	0	720	SOFT_TC_NO_FILTER
/Volumes/nas/media/archive/office/The Office - s06e10 - Murder.mkv	mpeg2video	480	30000/1001	24.03	24.00	4	716	SOFT_TC_NO_FILTER
/Volumes/nas/media/archive/office/The Office - s06e11 - Shareholder Meeting.mkv	mpeg2video	480	30000/1001	24.00	24.00	0	720	SOFT_TC_NO_FILTER
/Volumes/nas/media/archive/office/The Office - s06e12 - Scott's Tots.mkv	mpeg2video	480	30000/1001	24.00	24.00	0	720	SOFT_TC_NO_FILTER
/Volumes/nas/media/archive/office/The Office - s06e13 - Secret Santa.mkv	mpeg2video	480	30000/1001	24.00	24.00	0	720	SOFT_TC_NO_FILTER
/Volumes/nas/media/archive/office/The Office - s06e14 - The Banker.mkv	mpeg2video	480	30000/1001	24.00	24.00	0	720	SOFT_TC_NO_FILTER
/Volumes/nas/media/archive/office/The Office - s06e15 - Sabre.mkv	mpeg2video	480	30000/1001	24.00	24.00	0	719	SOFT_TC_NO_FILTER
/Volumes/nas/media/archive/office/The Office - s06e16 - The Manager and the Salesman.mkv	mpeg2video	480	30000/1001	24.00	24.00	0	595	SOFT_TC_NO_FILTER
/Volumes/nas/media/archive/office/The Office - s06e17 - The Delivery.mkv	mpeg2video	480	30000/1001	24.00	24.00	0	720	SOFT_TC_NO_FILTER
/Volumes/nas/media/archive/office/The Office - s06e19 - St Patrick's Day.mkv	mpeg2video	480	30000/1001	24.00	24.00	0	720	SOFT_TC_NO_FILTER
/Volumes/nas/media/archive/office/The Office - s06e20 - New Leads.mkv	mpeg2video	480	30000/1001	24.00	24.00	0	720	SOFT_TC_NO_FILTER
/Volumes/nas/media/archive/office/The Office - s06e21 - Happy Hour.mkv	mpeg2video	480	30000/1001	24.00	24.26	0	719	SOFT_TC_NO_FILTER
/Volumes/nas/media/archive/office/The Office - s06e22 - Secretary's Day.mkv	mpeg2video	480	30000/1001	24.00	24.00	0	720	SOFT_TC_NO_FILTER
/Volumes/nas/media/archive/office/The Office - s06e23 - Body Language.mkv	mpeg2video	480	30000/1001	24.00	24.00	0	720	SOFT_TC_NO_FILTER
/Volumes/nas/media/archive/office/The Office - s06e24 - The Cover Up.mkv	mpeg2video	480	30000/1001	24.00	24.00	0	720	SOFT_TC_NO_FILTER
/Volumes/nas/media/archive/office/The Office - s06e25 - The Chump.mkv	mpeg2video	480	30000/1001	24.00	24.00	0	720	SOFT_TC_NO_FILTER
/Volumes/nas/media/archive/office/The Office - s06e26 - Whistleblower.mkv	mpeg2video	480	30000/1001	24.00	24.00	0	720	SOFT_TC_NO_FILTER
/Volumes/nas/media/archive/office/The Office - s07e01 - Nepotism.mkv	mpeg2video	480	30000/1001	24.00	24.00	0	720	SOFT_TC_NO_FILTER
/Volumes/nas/media/archive/office/The Office - s07e02 - Counseling.mkv	mpeg2video	480	30000/1001	24.00	24.00	0	711	SOFT_TC_NO_FILTER
/Volumes/nas/media/archive/office/The Office - s07e03 - Andy's Play.mkv	mpeg2video	480	30000/1001	24.00	24.00	0	720	SOFT_TC_NO_FILTER
/Volumes/nas/media/archive/office/The Office - s07e04 - Sex Ed.mkv	mpeg2video	480	30000/1001	24.00	24.00	0	720	SOFT_TC_NO_FILTER
/Volumes/nas/media/archive/office/The Office - s07e05 - The Sting.mkv	mpeg2video	480	30000/1001	24.03	24.00	14	706	SOFT_TC_NO_FILTER
/Volumes/nas/media/archive/office/The Office - s07e06 - Costume Contest.mkv	mpeg2video	480	30000/1001	24.00	24.00	0	720	SOFT_TC_NO_FILTER
/Volumes/nas/media/archive/office/The Office - s07e07 - Christening.mkv	mpeg2video	480	30000/1001	24.00	24.00	0	720	SOFT_TC_NO_FILTER
/Volumes/nas/media/archive/office/The Office - s07e08 - Viewing Party.mkv	mpeg2video	480	30000/1001	24.23	24.00	34	693	SOFT_TC_NO_FILTER
/Volumes/nas/media/archive/office/The Office - s07e09 - WUPHFcom.mkv	mpeg2video	480	30000/1001	24.00	24.00	0	568	SOFT_TC_NO_FILTER
/Volumes/nas/media/archive/office/The Office - s07e10 - China.mkv	mpeg2video	480	30000/1001	24.00	24.00	0	720	SOFT_TC_NO_FILTER
/Volumes/nas/media/archive/office/The Office - s07e11 - Classy Christmas.mkv	mpeg2video	480	30000/1001	24.00	24.00	0	720	SOFT_TC_NO_FILTER
/Volumes/nas/media/archive/office/The Office - s07e12 - Ultimatum.mkv	mpeg2video	480	30000/1001	24.00	24.00	0	720	SOFT_TC_NO_FILTER
/Volumes/nas/media/archive/office/The Office - s07e13 - The Seminar.mkv	mpeg2video	480	30000/1001	24.00	24.00	0	720	SOFT_TC_NO_FILTER
/Volumes/nas/media/archive/office/The Office - s07e14 - The Search.mkv	mpeg2video	480	30000/1001	24.00	24.00	0	720	SOFT_TC_NO_FILTER
/Volumes/nas/media/archive/office/The Office - s07e15 - PDA.mkv	mpeg2video	480	30000/1001	24.00	24.00	0	719	SOFT_TC_NO_FILTER
/Volumes/nas/media/archive/office/The Office - s07e16 - Threat Level Midnight.mkv	mpeg2video	480	30000/1001	24.00	24.00	0	720	SOFT_TC_NO_FILTER
/Volumes/nas/media/archive/office/The Office - s07e17 - Todd Packer.mkv	mpeg2video	480	30000/1001	24.00	24.00	0	720	SOFT_TC_NO_FILTER
/Volumes/nas/media/archive/office/The Office - s07e18 - Garage Sale.mkv	mpeg2video	480	30000/1001	24.00	24.00	0	720	SOFT_TC_NO_FILTER
/Volumes/nas/media/archive/office/The Office - s07e19 - Training Day.mkv	mpeg2video	480	30000/1001	24.00	24.00	0	720	SOFT_TC_NO_FILTER
/Volumes/nas/media/archive/office/The Office - s07e21 - Goodbye, Michael.mkv	mpeg2video	480	30000/1001	24.00	24.00	0	720	SOFT_TC_NO_FILTER
/Volumes/nas/media/archive/office/The Office - s07e22 - The Inner Circle.mkv	mpeg2video	480	30000/1001	24.00	24.00	0	720	SOFT_TC_NO_FILTER
/Volumes/nas/media/archive/office/The Office - s07e20 - Michael's Last Dundies.mkv	mpeg2video	480	30000/1001	24.00	24.00	0	720	SOFT_TC_NO_FILTER
/Volumes/nas/media/archive/office/The Office - s07e23 - Dwight K. Schrute, (Acting) Manager.mkv	mpeg2video	480	30000/1001	24.00	24.00	0	720	SOFT_TC_NO_FILTER
/Volumes/nas/media/archive/office/The Office - s07e24 - Search Committee.mkv	mpeg2video	480	30000/1001	24.00	24.00	0	713	SOFT_TC_NO_FILTER
/Volumes/nas/media/archive/office/The Office - s08e01 - The List.mkv	mpeg2video	480	30000/1001	24.00	24.00	0	720	SOFT_TC_NO_FILTER
/Volumes/nas/media/archive/office/The Office - s08e02 - The Incentive.mkv	mpeg2video	480	30000/1001	24.00	24.00	0	720	SOFT_TC_NO_FILTER
/Volumes/nas/media/archive/office/The Office - s08e03 - Lotto.mkv	mpeg2video	480	30000/1001	24.00	24.00	0	720	SOFT_TC_NO_FILTER
/Volumes/nas/media/archive/office/The Office - s08e04 - Garden Party.mkv	mpeg2video	480	30000/1001	24.00	24.00	0	720	SOFT_TC_NO_FILTER
/Volumes/nas/media/archive/office/The Office - s08e05 - Spooked.mkv	mpeg2video	480	30000/1001	24.00	24.00	0	720	SOFT_TC_NO_FILTER
/Volumes/nas/media/archive/office/The Office - s08e06 - Doomsday.mkv	mpeg2video	480	30000/1001	24.00	24.00	0	719	SOFT_TC_NO_FILTER
/Volumes/nas/media/archive/office/The Office - s08e07 - Pam's Replacement.mkv	mpeg2video	480	30000/1001	24.00	24.00	0	720	SOFT_TC_NO_FILTER
/Volumes/nas/media/archive/office/The Office - s08e08 - Gettysburg.mkv	mpeg2video	480	30000/1001	24.00	24.00	0	720	SOFT_TC_NO_FILTER
/Volumes/nas/media/archive/office/The Office - s08e09 - Mrs. California.mkv	mpeg2video	480	30000/1001	24.00	24.00	0	720	SOFT_TC_NO_FILTER
/Volumes/nas/media/archive/office/The Office - s08e10 - Christmas Wishes.mkv	mpeg2video	480	30000/1001	24.00	24.00	0	687	SOFT_TC_NO_FILTER
/Volumes/nas/media/archive/office/The Office - s08e11 - Trivia.mkv	mpeg2video	480	30000/1001	24.00	24.00	0	720	SOFT_TC_NO_FILTER
/Volumes/nas/media/archive/office/The Office - s08e12 - Pool Party.mkv	mpeg2video	480	30000/1001	24.00	24.00	0	720	SOFT_TC_NO_FILTER
/Volumes/nas/media/archive/office/The Office - s08e13 - Jury Duty.mkv	mpeg2video	480	30000/1001	24.00	24.00	0	649	SOFT_TC_NO_FILTER
/Volumes/nas/media/archive/office/The Office - s08e14 - Special Project.mkv	mpeg2video	480	30000/1001	24.00	24.00	0	718	SOFT_TC_NO_FILTER
/Volumes/nas/media/archive/office/The Office - s08e15 - Tallahassee.mkv	mpeg2video	480	30000/1001	24.00	24.00	0	720	SOFT_TC_NO_FILTER
/Volumes/nas/media/archive/office/The Office - s08e16 - After Hours.mkv	mpeg2video	480	30000/1001	24.00	24.00	0	720	SOFT_TC_NO_FILTER
/Volumes/nas/media/archive/office/The Office - s08e17 - Test the Store.mkv	mpeg2video	480	30000/1001	24.00	24.00	0	720	SOFT_TC_NO_FILTER
/Volumes/nas/media/archive/office/The Office - s08e18 - Last Day in Florida.mkv	mpeg2video	480	30000/1001	24.00	24.00	0	720	SOFT_TC_NO_FILTER
/Volumes/nas/media/archive/office/The Office - s08e19 - Get the Girl.mkv	mpeg2video	480	30000/1001	24.00	24.00	0	720	SOFT_TC_NO_FILTER
/Volumes/nas/media/archive/office/The Office - s08e20 - Welcome Party.mkv	mpeg2video	480	30000/1001	24.00	24.00	0	720	SOFT_TC_NO_FILTER
/Volumes/nas/media/archive/office/The Office - s08e21 - Angry Andy.mkv	mpeg2video	480	30000/1001	24.00	24.00	0	720	SOFT_TC_NO_FILTER
/Volumes/nas/media/archive/office/The Office - s08e22 - Fundraiser.mkv	mpeg2video	480	30000/1001	24.00	24.00	0	720	SOFT_TC_NO_FILTER
/Volumes/nas/media/archive/office/The Office - s08e23 - Turf War.mkv	mpeg2video	480	30000/1001	24.00	24.00	0	720	SOFT_TC_NO_FILTER
/Volumes/nas/media/archive/office/The Office - s08e24 - Free Family Portrait Studio.mkv	mpeg2video	480	30000/1001	24.00	24.00	0	720	SOFT_TC_NO_FILTER
/Volumes/nas/media/archive/office/The Office - s09e01 - New Guys.mkv	mpeg2video	480	30000/1001	24.00	24.00	0	719	SOFT_TC_NO_FILTER
/Volumes/nas/media/archive/office/The Office - s09e03 - Andy's Ancestry.mkv	mpeg2video	480	30000/1001	24.00	24.00	0	720	SOFT_TC_NO_FILTER
/Volumes/nas/media/archive/office/The Office - s09e02 - Roy's Wedding.mkv	mpeg2video	480	30000/1001	24.00	24.00	0	719	SOFT_TC_NO_FILTER
/Volumes/nas/media/archive/office/The Office - s09e05 - Here Comes Treble.mkv	mpeg2video	480	30000/1001	24.00	24.00	0	719	SOFT_TC_NO_FILTER
/Volumes/nas/media/archive/office/The Office - s09e04 - Work Bus.mkv	mpeg2video	480	30000/1001	24.00	24.00	0	720	SOFT_TC_NO_FILTER
/Volumes/nas/media/archive/office/The Office - s09e07 - The Whale.mkv	mpeg2video	480	30000/1001	24.00	24.00	0	720	SOFT_TC_NO_FILTER
/Volumes/nas/media/archive/office/The Office - s09e06 - The Boat.mkv	mpeg2video	480	30000/1001	24.00	24.00	0	716	SOFT_TC_NO_FILTER
/Volumes/nas/media/archive/office/The Office - s09e09 - Dwight Christmas.mkv	mpeg2video	480	30000/1001	24.00	24.00	0	720	SOFT_TC_NO_FILTER
/Volumes/nas/media/archive/office/The Office - s09e08 - The Target.mkv	mpeg2video	480	30000/1001	24.00	24.00	0	716	SOFT_TC_NO_FILTER
/Volumes/nas/media/archive/office/The Office - s09e10 - Lice.mkv	mpeg2video	480	30000/1001	24.00	24.00	0	720	SOFT_TC_NO_FILTER
/Volumes/nas/media/archive/office/The Office - s09e11 - Suit Warehouse.mkv	mpeg2video	480	30000/1001	24.00	24.00	0	720	SOFT_TC_NO_FILTER
/Volumes/nas/media/archive/office/The Office - s09e12 - Customer Loyalty.mkv	mpeg2video	480	30000/1001	24.00	24.00	0	720	SOFT_TC_NO_FILTER
/Volumes/nas/media/archive/office/The Office - s09e13 - Junior Salesman.mkv	mpeg2video	480	30000/1001	24.00	24.00	0	720	SOFT_TC_NO_FILTER
/Volumes/nas/media/archive/office/The Office - s09e14 - Vandalism.mkv	mpeg2video	480	30000/1001	24.00	24.00	0	720	SOFT_TC_NO_FILTER
/Volumes/nas/media/archive/office/The Office - s09e15 - Couples Discount.mkv	mpeg2video	480	30000/1001	24.00	24.00	0	720	SOFT_TC_NO_FILTER
/Volumes/nas/media/archive/office/The Office - s09e16 - Moving On.mkv	mpeg2video	480	30000/1001	24.00	24.00	0	719	SOFT_TC_NO_FILTER
/Volumes/nas/media/archive/office/The Office - s09e17 - The Farm.mkv	mpeg2video	480	30000/1001	24.00	24.00	0	720	SOFT_TC_NO_FILTER
/Volumes/nas/media/archive/office/The Office - s09e18 - Promos.mkv	mpeg2video	480	30000/1001	24.00	24.00	0	720	SOFT_TC_NO_FILTER
/Volumes/nas/media/archive/office/The Office - s09e19 - Stairmageddon.mkv	mpeg2video	480	30000/1001	24.00	24.00	0	719	SOFT_TC_NO_FILTER
/Volumes/nas/media/archive/office/The Office - s09e20 - Paper Airplane.mkv	mpeg2video	480	30000/1001	24.00	24.00	0	720	SOFT_TC_NO_FILTER
/Volumes/nas/media/archive/office/The Office - s09e21 - Livin' the Dream.mkv	mpeg2video	480	30000/1001	24.00	24.00	0	720	SOFT_TC_NO_FILTER
/Volumes/nas/media/archive/office/The Office - s09e22 - AARM.mkv	mpeg2video	480	30000/1001	24.00	24.00	0	715	SOFT_TC_NO_FILTER
/Volumes/nas/media/archive/office/The Office - s09e23 - Finale.mkv	mpeg2video	480	30000/1001	24.00	24.00	0	720	SOFT_TC_NO_FILTER
/Volumes/nas/media/archive/Open Season 2.mkv	mpeg2video	480	30000/1001	24.00	24.03	0	719	SOFT_TC_NO_FILTER
/Volumes/nas/media/archive/Open Season 3.mkv	mpeg2video	480	30000/1001	24.00	24.00	0	719	SOFT_TC_NO_FILTER
/Volumes/nas/media/archive/Open Season.mkv	mpeg2video	480	30000/1001	25.26	26.20	201	557	INTERLACED_NEEDS_IVTC
/Volumes/nas/media/archive/Pirates of the Caribbean At World's End.mkv	mpeg2video	480	30000/1001	24.00	24.00	0	720	SOFT_TC_NO_FILTER
/Volumes/nas/media/archive/Pirates of the Caribbean Dead Man's Chest (2006).mkv	mpeg2video	480	30000/1001	24.00	24.00	0	720	SOFT_TC_NO_FILTER
/Volumes/nas/media/archive/Pirates of the Caribbean On Stranger Tides.mkv	mpeg2video	480	30000/1001	24.00	24.00	0	720	SOFT_TC_NO_FILTER
/Volumes/nas/media/archive/Pirates of the Caribbean The Curse of the Black Pearl.mkv	mpeg2video	480	30000/1001	24.00	24.00	0	720	SOFT_TC_NO_FILTER
/Volumes/nas/media/archive/Ratatouille.mkv	mpeg2video	480	30000/1001	24.00	24.00	0	719	SOFT_TC_NO_FILTER
/Volumes/nas/media/archive/Rio.mkv	mpeg2video	480	30000/1001	24.00	24.00	0	717	SOFT_TC_NO_FILTER
/Volumes/nas/media/archive/Robin Hood Men in Tights (1993).mkv	mpeg2video	480	30000/1001	24.00	24.00	0	720	SOFT_TC_NO_FILTER
/Volumes/nas/media/archive/RocketMan (1997).mkv	mpeg2video	480	30000/1001	30.00	30.00	898	0	INTERLACED_NEEDS_IVTC
/Volumes/nas/media/archive/Saints And Soldiers (2003).mkv	mpeg2video	480	30000/1001	24.00	24.00	0	718	SOFT_TC_NO_FILTER
/Volumes/nas/media/archive/Secondhand Lions.mkv	mpeg2video	480	30000/1001	24.00	24.00	0	720	SOFT_TC_NO_FILTER
/Volumes/nas/media/archive/Spider Man - No Way Home.mkv	mpeg2video	480	30000/1001	24.00	24.00	0	665	SOFT_TC_NO_FILTER
/Volumes/nas/media/archive/Space Jam (1996).mkv	mpeg2video	480	30000/1001	24.00	24.00	0	720	SOFT_TC_NO_FILTER
/Volumes/nas/media/archive/Spider-Man 2.mkv	mpeg2video	480	30000/1001	24.00	24.03	0	719	SOFT_TC_NO_FILTER
/Volumes/nas/media/archive/Spider-Man (2002).mkv	mpeg2video	480	30000/1001	24.00	24.00	0	720	SOFT_TC_NO_FILTER
/Volumes/nas/media/archive/Spider-Man 3.mkv	mpeg2video	480	30000/1001	24.03	24.00	5	716	SOFT_TC_NO_FILTER
/Volumes/nas/media/archive/Spy Kids 2.mkv	mpeg2video	480	30000/1001	24.00	24.00	0	720	SOFT_TC_NO_FILTER
/Volumes/nas/media/archive/Spy Kids 3.mkv	mpeg2video	480	30000/1001	24.00	24.00	0	720	SOFT_TC_NO_FILTER
/Volumes/nas/media/archive/Spy Kids.mkv	mpeg2video	480	30000/1001	24.00	24.00	0	720	SOFT_TC_NO_FILTER
/Volumes/nas/media/archive/Star Trek.mkv	mpeg2video	480	30000/1001	24.00	24.00	0	720	SOFT_TC_NO_FILTER
/Volumes/nas/media/archive/Star Wars Episode 1 - The Phantom Menace (1999).mkv	mpeg2video	480	30000/1001	24.00	24.00	0	720	SOFT_TC_NO_FILTER
/Volumes/nas/media/archive/Star Wars Episode 3 - Revenge of the Sith (2005).mkv	mpeg2video	480	30000/1001	24.00	24.00	0	634	SOFT_TC_NO_FILTER
/Volumes/nas/media/archive/Star Wars Episode 2 - Attack of the Clones (2002).mkv	mpeg2video	480	30000/1001	24.00	24.00	0	694	SOFT_TC_NO_FILTER
/Volumes/nas/media/archive/Surf's Up.mkv	mpeg2video	480	30000/1001	24.00	24.00	0	720	SOFT_TC_NO_FILTER
/Volumes/nas/media/archive/Tangled.mkv	mpeg2video	480	30000/1001	24.00	24.00	0	719	SOFT_TC_NO_FILTER
/Volumes/nas/media/archive/The Addams Family (1991).mkv	mpeg2video	480	30000/1001	24.00	24.00	0	720	SOFT_TC_NO_FILTER
/Volumes/nas/media/archive/Tarzan.mkv	mpeg2video	480	30000/1001	24.00	24.00	0	720	SOFT_TC_NO_FILTER
/Volumes/nas/media/archive/The Blind Side (2009).mkv	mpeg2video	480	30000/1001	24.00	24.00	0	720	SOFT_TC_NO_FILTER
/Volumes/nas/media/archive/The Croods.mkv	mpeg2video	480	30000/1001	24.00	24.00	0	720	SOFT_TC_NO_FILTER
/Volumes/nas/media/archive/The Greatest Showman.mkv	mpeg2video	480	30000/1001	24.00	24.00	0	706	SOFT_TC_NO_FILTER
/Volumes/nas/media/archive/The Dark Knight.mkv	mpeg2video	480	30000/1001	24.00	24.00	0	720	SOFT_TC_NO_FILTER
/Volumes/nas/media/archive/The Indian in the Cupboard.mkv	mpeg2video	480	30000/1001	24.00	24.00	0	720	SOFT_TC_NO_FILTER
/Volumes/nas/media/archive/The Jungle Book (1967).mkv	mpeg2video	480	30000/1001	24.00	24.00	0	720	SOFT_TC_NO_FILTER
/Volumes/nas/media/archive/The Land Before TIme - The Big Freeze.mkv	mpeg2video	480	30000/1001	30.00	30.00	884	0	INTERLACED_NEEDS_IVTC
/Volumes/nas/media/archive/The Land Before Time - Journey to Big Water.mkv	mpeg2video	480	30000/1001	30.00	30.00	836	64	INTERLACED_NEEDS_IVTC
/Volumes/nas/media/archive/The Land Before Time.mkv	mpeg2video	480	30000/1001	24.00	24.00	0	616	SOFT_TC_NO_FILTER
/Volumes/nas/media/archive/The Lego Batman Movie.mkv	mpeg2video	480	30000/1001	24.00	24.00	0	679	SOFT_TC_NO_FILTER
/Volumes/nas/media/archive/The Lego Movie 2 - The Second Part.mkv	mpeg2video	480	30000/1001	24.00	24.00	23	677	SOFT_TC_NO_FILTER
/Volumes/nas/media/archive/The Lego Movie.mkv	mpeg2video	480	30000/1001	24.00	24.00	0	720	SOFT_TC_NO_FILTER
/Volumes/nas/media/archive/The Lego Ninjago Movie.mkv	mpeg2video	480	30000/1001	24.00	24.00	0	720	SOFT_TC_NO_FILTER
/Volumes/nas/media/archive/The Lord of the Rings - The Fellowship of the Ring (2001).mkv	mpeg2video	480	30000/1001	24.00	24.00	0	720	SOFT_TC_NO_FILTER
/Volumes/nas/media/archive/The Lord of the Rings - The Return of the King (2003).mkv	h264	480	30000/1001	30.00	30.00	0	900	TRUE_2997_VIDEO
/Volumes/nas/media/archive/The Lord of the Rings - The Two Towers (2002).mkv	mpeg2video	480	30000/1001	24.00	24.00	0	672	SOFT_TC_NO_FILTER
/Volumes/nas/media/archive/The Man Who Knew Too Little (1997).mkv	mpeg2video	480	30000/1001	24.00	24.00	0	719	SOFT_TC_NO_FILTER
/Volumes/nas/media/archive/The Money Pit.mkv	mpeg2video	480	30000/1001	24.00	24.00	0	720	SOFT_TC_NO_FILTER
/Volumes/nas/media/archive/The Muppets.mkv	mpeg2video	480	30000/1001	24.00	24.00	0	720	SOFT_TC_NO_FILTER
/Volumes/nas/media/archive/The Pink Panther (2006).mkv	mpeg2video	480	30000/1001	24.00	24.00	0	719	SOFT_TC_NO_FILTER
/Volumes/nas/media/archive/THE POLAR EXPRESS.mkv	mpeg2video	480	30000/1001	24.00	24.00	0	720	SOFT_TC_NO_FILTER
/Volumes/nas/media/archive/The Princess Bride.mkv	mpeg2video	480	30000/1001	24.00	24.00	0	719	SOFT_TC_NO_FILTER
/Volumes/nas/media/archive/The Secret Life of Pets (2016).mkv	mpeg2video	480	30000/1001	24.00	24.00	0	720	SOFT_TC_NO_FILTER
/Volumes/nas/media/archive/The Secret Life of Pets 2 (2019).mkv	mpeg2video	480	30000/1001	24.00	24.00	0	720	SOFT_TC_NO_FILTER
/Volumes/nas/media/archive/The SpongeBob SquarePants Movie (2004).mkv	mpeg2video	480	30000/1001	24.03	24.00	198	514	SOFT_TC_NO_FILTER
/Volumes/nas/media/archive/The Super Mario Bros Movie.mkv	mpeg2video	480	30000/1001	24.00	24.00	0	720	SOFT_TC_NO_FILTER
/Volumes/nas/media/archive/Top Gun - Maverick.mkv	mpeg2video	480	30000/1001	24.00	24.00	0	720	SOFT_TC_NO_FILTER
/Volumes/nas/media/archive/Top Gun (1986).mkv	mpeg2video	480	30000/1001	24.00	24.00	0	696	SOFT_TC_NO_FILTER
/Volumes/nas/media/archive/Ultimate X.mkv	mpeg2video	480	30000/1001	24.00	24.00	0	720	SOFT_TC_NO_FILTER
/Volumes/nas/media/archive/Up.mkv	mpeg2video	480	30000/1001	24.00	24.00	0	704	SOFT_TC_NO_FILTER
/Volumes/nas/media/archive/VEGAS VACATION.mkv	mpeg2video	480	30000/1001	24.00	24.00	0	720	SOFT_TC_NO_FILTER
/Volumes/nas/media/archive/What About Bob.mkv	mpeg2video	480	30000/1001	24.00	24.00	0	684	SOFT_TC_NO_FILTER
/Volumes/nas/media/movies/no_kids/007 - From Russia with Love (1963).mkv	mpeg2video	480	30000/1001	24.00	24.00	0	719	SOFT_TC_NO_FILTER
/Volumes/nas/media/movies/no_kids/007 - GoldenEye (1995).mkv	mpeg2video	480	30000/1001	24.00	24.00	0	720	SOFT_TC_NO_FILTER
/Volumes/nas/media/movies/no_kids/007 - Goldfinger (1964).mkv	mpeg2video	480	30000/1001	24.00	24.00	0	713	SOFT_TC_NO_FILTER
/Volumes/nas/media/movies/no_kids/007 - Licence to Kill (1989).mkv	mpeg2video	480	30000/1001	24.00	24.00	0	710	SOFT_TC_NO_FILTER
/Volumes/nas/media/movies/no_kids/007 - Live and Let Die (1973).mkv	mpeg2video	480	30000/1001	24.00	24.00	0	720	SOFT_TC_NO_FILTER
/Volumes/nas/media/movies/no_kids/007 - Moonraker (1979).mkv	mpeg2video	480	30000/1001	24.00	24.00	0	720	SOFT_TC_NO_FILTER
/Volumes/nas/media/movies/no_kids/007 - Octopussy (1983).mkv	mpeg2video	480	30000/1001	24.00	24.00	0	720	SOFT_TC_NO_FILTER
/Volumes/nas/media/movies/no_kids/007 - On Her Majesty's Secret Service (1969).mkv	mpeg2video	480	30000/1001	24.00	24.00	0	719	SOFT_TC_NO_FILTER
/Volumes/nas/media/movies/no_kids/007 - Quantum of Solace (2008).mkv	mpeg2video	480	30000/1001	24.00	24.00	0	719	SOFT_TC_NO_FILTER
/Volumes/nas/media/movies/no_kids/007 - Skyfall (2012).mkv	mpeg2video	480	30000/1001	24.00	24.00	0	718	SOFT_TC_NO_FILTER
/Volumes/nas/media/movies/no_kids/007 - The Living Daylights (1987).mkv	mpeg2video	480	30000/1001	24.00	24.00	0	720	SOFT_TC_NO_FILTER
/Volumes/nas/media/movies/no_kids/007 - The Man with the Golden Gun (1974).mkv	mpeg2video	480	30000/1001	24.00	24.00	0	628	SOFT_TC_NO_FILTER
/Volumes/nas/media/movies/no_kids/007 - The Spy Who Loved Me (1977).mkv	mpeg2video	480	30000/1001	24.00	24.00	0	691	SOFT_TC_NO_FILTER
/Volumes/nas/media/movies/no_kids/007 - Thunderball (1965).mkv	mpeg2video	480	30000/1001	24.00	24.00	0	720	SOFT_TC_NO_FILTER
/Volumes/nas/media/movies/no_kids/007 - The World Is Not Enough (1999).mkv	mpeg2video	480	30000/1001	24.00	24.00	0	720	SOFT_TC_NO_FILTER
/Volumes/nas/media/movies/no_kids/007 - You Only Live Twice (1967).mkv	mpeg2video	480	30000/1001	24.00	24.00	0	711	SOFT_TC_NO_FILTER
/Volumes/nas/media/movies/no_kids/007 - Tomorrow Never Dies (1997).mkv	mpeg2video	480	30000/1001	24.00	24.00	0	720	SOFT_TC_NO_FILTER
/Volumes/nas/media/movies/no_kids/007- For Your Eyes Only (1981).mkv	mpeg2video	480	30000/1001	24.00	24.00	0	720	SOFT_TC_NO_FILTER
/Volumes/nas/media/movies/no_kids/Airplane.mp4	h264	480	30000/1001	30.00	30.00	0	890	TRUE_2997_VIDEO
/Volumes/nas/media/movies/no_kids/10 Things I Hate About You.mp4	h264	1040	24000/1001	24.00	24.00	0	720	SOFT_TC_NO_FILTER
/Volumes/nas/media/movies/no_kids/After the Sunset (2004).mp4	h264	800	24000/1001	24.00	24.00	0	720	SOFT_TC_NO_FILTER
/Volumes/nas/media/movies/no_kids/Austin Powers in Goldmember (2002).mp4	h264	816	24000/1001	24.00	24.00	0	719	SOFT_TC_NO_FILTER
/Volumes/nas/media/movies/no_kids/Charlie's Angels - Full Throttle (2003) .mp4	h264	800	24000/1001	24.00	24.00	0	720	SOFT_TC_NO_FILTER
/Volumes/nas/media/movies/no_kids/Charlie's Angels (2000).mp4	h264	800	24000/1001	24.00	24.00	0	720	SOFT_TC_NO_FILTER
/Volumes/nas/media/movies/no_kids/Family Guy - Blue harvest.mkv	mpeg2video	480	30000/1001	30.00	30.00	895	4	INTERLACED_NEEDS_IVTC
/Volumes/nas/media/movies/no_kids/Dream Scenario (2023).mp4	h264	1080	30/1	30.00	30.00	0	900	TRUE_2997_VIDEO
/Volumes/nas/media/movies/no_kids/Family Plot.mkv	mpeg2video	480	30000/1001	24.00	24.00	0	720	SOFT_TC_NO_FILTER
/Volumes/nas/media/movies/no_kids/Fargo.mkv	mpeg2video	480	30000/1001	24.30	24.03	174	549	SOFT_TC_NO_FILTER
/Volumes/nas/media/movies/no_kids/For a Few Dollars More.mkv	mpeg2video	480	30000/1001	24.00	24.00	77	631	SOFT_TC_NO_FILTER
/Volumes/nas/media/movies/no_kids/Fools Gold (2008).mkv	mpeg2video	480	30000/1001	24.00	24.00	0	719	SOFT_TC_NO_FILTER
/Volumes/nas/media/movies/no_kids/Frenzy.mkv	mpeg2video	480	30000/1001	24.00	24.00	0	572	SOFT_TC_NO_FILTER
/Volumes/nas/media/movies/no_kids/Friday the 13th Part 2.mkv	mpeg2video	480	30000/1001	24.00	24.00	0	720	SOFT_TC_NO_FILTER
/Volumes/nas/media/movies/no_kids/Fun With Dick and Jane (2005).mkv	mpeg2video	480	30000/1001	24.00	24.00	0	720	SOFT_TC_NO_FILTER
/Volumes/nas/media/movies/no_kids/Friday the 13th.mkv	mpeg2video	480	30000/1001	24.00	24.00	0	720	SOFT_TC_NO_FILTER
/Volumes/nas/media/movies/no_kids/Gentlemen Broncos.mkv	mpeg2video	480	30000/1001	24.00	24.00	0	631	SOFT_TC_NO_FILTER
/Volumes/nas/media/movies/no_kids/Gladiator.mkv	mpeg2video	480	30000/1001	24.00	24.00	0	719	SOFT_TC_NO_FILTER
/Volumes/nas/media/movies/no_kids/Gone In 60 Seconds (2000).mkv	mpeg2video	480	30000/1001	24.03	24.00	4	702	SOFT_TC_NO_FILTER
/Volumes/nas/media/movies/no_kids/Hancock.mkv	mpeg2video	480	30000/1001	24.00	24.00	0	720	SOFT_TC_NO_FILTER
/Volumes/nas/media/movies/no_kids/Hang em High.mkv	mpeg2video	480	30000/1001	24.00	24.00	0	720	SOFT_TC_NO_FILTER
/Volumes/nas/media/movies/no_kids/Hannibal Rising.mkv	mpeg2video	480	30000/1001	24.00	24.00	0	719	SOFT_TC_NO_FILTER
/Volumes/nas/media/movies/no_kids/Hannibal.mkv	mpeg2video	480	30000/1001	24.00	24.00	0	717	SOFT_TC_NO_FILTER
/Volumes/nas/media/movies/no_kids/Hellboy.mkv	mpeg2video	480	30000/1001	24.00	24.00	0	720	SOFT_TC_NO_FILTER
/Volumes/nas/media/movies/no_kids/Happy Gilmore.mkv	mpeg2video	480	30000/1001	24.00	24.00	0	718	SOFT_TC_NO_FILTER
/Volumes/nas/media/movies/no_kids/Hero (2002).mkv	mpeg2video	480	30000/1001	24.00	24.00	0	720	SOFT_TC_NO_FILTER
/Volumes/nas/media/movies/no_kids/Hot Rod.mkv	mpeg2video	480	30000/1001	24.00	24.00	0	719	SOFT_TC_NO_FILTER
/Volumes/nas/media/movies/no_kids/How to Lose a Guy in 10 Days.mkv	mpeg2video	480	30000/1001	24.00	24.00	0	719	SOFT_TC_NO_FILTER
/Volumes/nas/media/movies/no_kids/I AM LEGEND.mkv	mpeg2video	480	30000/1001	24.00	24.00	0	715	SOFT_TC_NO_FILTER
/Volumes/nas/media/movies/no_kids/I Spy.mkv	mpeg2video	480	30000/1001	24.00	24.00	0	720	SOFT_TC_NO_FILTER
/Volumes/nas/media/movies/no_kids/Inception.mkv	mpeg2video	480	30000/1001	24.00	24.00	0	720	SOFT_TC_NO_FILTER
/Volumes/nas/media/movies/no_kids/In Bruges (2008).mp4	h264	800	24/1	24.00	24.00	0	720	SOFT_TC_NO_FILTER
/Volumes/nas/media/movies/no_kids/Interview with the Vampire (1994).mkv	mpeg2video	480	30000/1001	24.10	24.00	14	709	SOFT_TC_NO_FILTER
/Volumes/nas/media/movies/no_kids/Into The Blue.mkv	mpeg2video	480	30000/1001	24.00	24.00	0	719	SOFT_TC_NO_FILTER
/Volumes/nas/media/movies/no_kids/Intolerable Cruelty.mkv	mpeg2video	480	30000/1001	24.00	24.00	0	686	SOFT_TC_NO_FILTER
/Volumes/nas/media/movies/no_kids/Just Friends.mkv	mpeg2video	480	30000/1001	24.00	24.00	0	710	SOFT_TC_NO_FILTER
/Volumes/nas/media/movies/no_kids/It.mkv	mpeg2video	480	30000/1001	24.00	24.00	0	704	SOFT_TC_NO_FILTER
/Volumes/nas/media/movies/no_kids/King Kong (2005).mkv	mpeg2video	480	30000/1001	24.00	24.00	0	720	SOFT_TC_NO_FILTER
/Volumes/nas/media/movies/no_kids/Kingpin.mkv	mpeg2video	480	30000/1001	24.00	24.00	0	700	SOFT_TC_NO_FILTER
/Volumes/nas/media/movies/no_kids/KISS KISS BANG BANG.mkv	mpeg2video	480	30000/1001	24.00	24.00	0	720	SOFT_TC_NO_FILTER
/Volumes/nas/media/movies/no_kids/Lara Croft Tomb Raider (2001) .mkv	mpeg2video	480	30000/1001	24.00	24.00	0	720	SOFT_TC_NO_FILTER
/Volumes/nas/media/movies/no_kids/Lara Croft Tomb Raider The Cradle of Life(2003).mkv	mpeg2video	480	30000/1001	24.00	24.00	0	720	SOFT_TC_NO_FILTER
/Volumes/nas/media/movies/no_kids/Les Miserables.mkv	mpeg2video	480	30000/1001	24.00	24.00	0	719	SOFT_TC_NO_FILTER
/Volumes/nas/media/movies/no_kids/LETTERS FROM IWO JIMA.mkv	mpeg2video	480	30000/1001	24.00	24.00	0	720	SOFT_TC_NO_FILTER
/Volumes/nas/media/movies/no_kids/Life as we know it.mkv	mpeg2video	480	30000/1001	24.00	24.00	0	720	SOFT_TC_NO_FILTER
/Volumes/nas/media/movies/no_kids/Liar Liar.mkv	mpeg2video	480	30000/1001	24.00	24.00	0	720	SOFT_TC_NO_FILTER
/Volumes/nas/media/movies/no_kids/Live Free or Die Hard (2007).mkv	mpeg2video	480	30000/1001	24.00	24.00	0	720	SOFT_TC_NO_FILTER
/Volumes/nas/media/movies/no_kids/Mad Max Fury Road.mkv	mpeg2video	480	30000/1001	24.00	24.00	0	719	SOFT_TC_NO_FILTER
/Volumes/nas/media/movies/no_kids/Man On Fire.mkv	mpeg2video	480	30000/1001	24.00	24.00	0	693	SOFT_TC_NO_FILTER
/Volumes/nas/media/movies/no_kids/Marnie.mkv	mpeg2video	480	30000/1001	24.00	24.00	31	635	SOFT_TC_NO_FILTER
/Volumes/nas/media/movies/no_kids/Master And Commander.mkv	mpeg2video	480	30000/1001	24.00	24.00	0	720	SOFT_TC_NO_FILTER
/Volumes/nas/media/movies/no_kids/Matchstick Men.mkv	mpeg2video	480	30000/1001	24.00	24.00	0	720	SOFT_TC_NO_FILTER
/Volumes/nas/media/movies/no_kids/MICHAEL CLAYTON.mkv	mpeg2video	480	30000/1001	24.00	24.00	0	719	SOFT_TC_NO_FILTER
/Volumes/nas/media/movies/no_kids/Mindhunters.mkv	mpeg2video	480	30000/1001	24.00	24.00	0	720	SOFT_TC_NO_FILTER
/Volumes/nas/media/movies/no_kids/Minority Report.mkv	mpeg2video	480	30000/1001	24.00	24.00	0	713	SOFT_TC_NO_FILTER
/Volumes/nas/media/movies/no_kids/Mr Brooks.mkv	mpeg2video	480	30000/1001	24.00	24.00	0	720	SOFT_TC_NO_FILTER
/Volumes/nas/media/movies/no_kids/Multiplicity.mkv	mpeg2video	480	30000/1001	24.03	24.00	67	614	SOFT_TC_NO_FILTER
/Volumes/nas/media/movies/no_kids/Mr. & Mrs. Smith (2005).m4v	h264	364	60000/1001	24.00	24.00	0	720	SOFT_TC_NO_FILTER
/Volumes/nas/media/movies/no_kids/Next.mkv	mpeg2video	480	30000/1001	24.00	24.00	0	712	SOFT_TC_NO_FILTER
/Volumes/nas/media/movies/no_kids/Nope.mkv	mpeg2video	480	30000/1001	24.00	24.00	0	719	SOFT_TC_NO_FILTER
/Volumes/nas/media/movies/no_kids/Now You See Me.mkv	mpeg2video	480	30000/1001	24.00	24.00	0	720	SOFT_TC_NO_FILTER
/Volumes/nas/media/movies/no_kids/Now You See Me 2.mkv	mpeg2video	480	30000/1001	24.00	24.00	0	707	SOFT_TC_NO_FILTER
/Volumes/nas/media/movies/no_kids/OCEAN'S ELEVEN.mkv	mpeg2video	480	30000/1001	24.00	24.00	0	720	SOFT_TC_NO_FILTER
/Volumes/nas/media/movies/no_kids/OCEAN'S TWELVE.mkv	mpeg2video	480	30000/1001	24.00	24.00	0	720	SOFT_TC_NO_FILTER
/Volumes/nas/media/movies/no_kids/Once Upon A Time In Mexico.mkv	mpeg2video	480	30000/1001	24.00	24.00	0	720	SOFT_TC_NO_FILTER
/Volumes/nas/media/movies/no_kids/OCEANS THIRTEEN.mkv	mpeg2video	480	30000/1001	24.00	24.00	0	720	SOFT_TC_NO_FILTER
/Volumes/nas/media/movies/no_kids/Once Upon a Time... in Hollywood.mkv	mpeg2video	480	30000/1001	24.00	24.00	0	719	SOFT_TC_NO_FILTER
/Volumes/nas/media/movies/no_kids/Out Cold.mkv	mpeg2video	480	30000/1001	24.00	24.00	0	720	SOFT_TC_NO_FILTER
/Volumes/nas/media/movies/no_kids/Out Of Time.mkv	mpeg2video	480	30000/1001	24.00	24.00	0	720	SOFT_TC_NO_FILTER
/Volumes/nas/media/movies/no_kids/Pan's Labyrinth.mkv	mpeg2video	480	30000/1001	24.00	24.00	0	720	SOFT_TC_NO_FILTER
/Volumes/nas/media/movies/no_kids/Pet Sematary.mkv	mpeg2video	480	30000/1001	24.00	24.06	0	720	SOFT_TC_NO_FILTER
/Volumes/nas/media/movies/no_kids/Pitch Perfect 2 (2015).mkv	mpeg2video	480	30000/1001	24.00	24.00	0	719	SOFT_TC_NO_FILTER
/Volumes/nas/media/movies/no_kids/Pitch Perfect.mkv	mpeg2video	480	30000/1001	24.00	24.00	0	720	SOFT_TC_NO_FILTER
/Volumes/nas/media/movies/no_kids/Predator 2.mkv	mpeg2video	480	30000/1001	24.00	24.00	0	720	SOFT_TC_NO_FILTER
/Volumes/nas/media/movies/no_kids/Predator.mkv	mpeg2video	480	30000/1001	24.00	24.00	0	720	SOFT_TC_NO_FILTER
/Volumes/nas/media/movies/no_kids/Psycho.mkv	mpeg2video	480	30000/1001	24.00	24.00	0	719	SOFT_TC_NO_FILTER
/Volumes/nas/media/movies/no_kids/Rain Man (1988).mkv	mpeg2video	480	30000/1001	24.00	24.00	0	720	SOFT_TC_NO_FILTER
/Volumes/nas/media/movies/no_kids/Raiders of the Lost Ark (1981) .mkv	mpeg2video	480	30000/1001	24.00	24.00	0	720	SOFT_TC_NO_FILTER
/Volumes/nas/media/movies/no_kids/Raising Arizona (1987).mkv	mpeg2video	480	30000/1001	24.00	24.00	0	716	SOFT_TC_NO_FILTER
/Volumes/nas/media/movies/no_kids/Rat Race.mkv	mpeg2video	480	30000/1001	24.00	24.00	0	720	SOFT_TC_NO_FILTER
/Volumes/nas/media/movies/no_kids/Rear Window.mkv	mpeg2video	480	30000/1001	24.00	24.00	0	720	SOFT_TC_NO_FILTER
/Volumes/nas/media/movies/no_kids/RED (2010).m4v	h264	362	60000/1001	24.00	24.00	0	720	SOFT_TC_NO_FILTER
/Volumes/nas/media/movies/no_kids/RED 2.mkv	mpeg2video	480	30000/1001	24.00	24.00	0	696	SOFT_TC_NO_FILTER
/Volumes/nas/media/movies/no_kids/Red Dragon.mkv	mpeg2video	480	30000/1001	24.00	24.00	0	720	SOFT_TC_NO_FILTER
/Volumes/nas/media/movies/no_kids/Red Eye.mkv	mpeg2video	480	30000/1001	24.00	24.00	0	720	SOFT_TC_NO_FILTER
/Volumes/nas/media/movies/no_kids/Reign of Fire.mkv	mpeg2video	480	30000/1001	24.00	24.00	0	718	SOFT_TC_NO_FILTER
/Volumes/nas/media/movies/no_kids/Renfield.mkv	mpeg2video	480	30000/1001	24.00	24.00	0	719	SOFT_TC_NO_FILTER
/Volumes/nas/media/movies/no_kids/Reservoir Dogs.mkv	mpeg2video	480	30000/1001	24.00	24.00	0	696	SOFT_TC_NO_FILTER
/Volumes/nas/media/movies/no_kids/Resident Evil Extinction.mkv	mpeg2video	480	30000/1001	24.00	24.00	0	720	SOFT_TC_NO_FILTER
/Volumes/nas/media/movies/no_kids/Resident Evil- Apocalypse.mkv	mpeg2video	480	30000/1001	24.00	24.00	0	712	SOFT_TC_NO_FILTER
/Volumes/nas/media/movies/no_kids/Resident Evil.mkv	mpeg2video	480	30000/1001	24.00	24.00	0	708	SOFT_TC_NO_FILTER
/Volumes/nas/media/movies/no_kids/Rocky Balboa.mkv	mpeg2video	480	30000/1001	24.00	24.00	0	720	SOFT_TC_NO_FILTER
/Volumes/nas/media/movies/no_kids/Rope.mkv	mpeg2video	480	30000/1001	24.00	24.00	0	719	SOFT_TC_NO_FILTER
/Volumes/nas/media/movies/no_kids/Rush Hour 2.mkv	mpeg2video	480	30000/1001	24.00	24.03	0	720	SOFT_TC_NO_FILTER
/Volumes/nas/media/movies/no_kids/Rush Hour.mkv	mpeg2video	480	30000/1001	24.00	24.00	0	713	SOFT_TC_NO_FILTER
/Volumes/nas/media/movies/no_kids/RV.mkv	mpeg2video	480	30000/1001	24.00	24.00	0	679	SOFT_TC_NO_FILTER
/Volumes/nas/media/movies/no_kids/Saboteur.mkv	mpeg2video	480	30000/1001	24.00	24.00	0	704	SOFT_TC_NO_FILTER
/Volumes/nas/media/movies/no_kids/Saving Silverman.mkv	mpeg2video	480	30000/1001	24.00	24.00	0	720	SOFT_TC_NO_FILTER
/Volumes/nas/media/movies/no_kids/Saving Private Ryan.mkv	mpeg2video	480	30000/1001	24.00	24.00	0	720	SOFT_TC_NO_FILTER
/Volumes/nas/media/movies/no_kids/Scary Movie 3.mkv	mpeg2video	480	30000/1001	24.00	24.00	0	720	SOFT_TC_NO_FILTER
/Volumes/nas/media/movies/no_kids/Scream 2.mkv	mpeg2video	480	30000/1001	24.00	24.00	0	720	SOFT_TC_NO_FILTER
/Volumes/nas/media/movies/no_kids/Scream 3.mkv	mpeg2video	480	30000/1001	24.00	24.00	0	677	SOFT_TC_NO_FILTER
/Volumes/nas/media/movies/no_kids/Scream.mkv	mpeg2video	480	30000/1001	24.13	24.00	0	651	SOFT_TC_NO_FILTER
/Volumes/nas/media/movies/no_kids/Se7en.mkv	mpeg2video	480	30000/1001	24.00	24.00	0	720	SOFT_TC_NO_FILTER
/Volumes/nas/media/movies/no_kids/Secret Window.mkv	mpeg2video	480	30000/1001	24.00	24.00	0	719	SOFT_TC_NO_FILTER
/Volumes/nas/media/movies/no_kids/Serving Sara.mkv	mpeg2video	480	30000/1001	24.00	24.00	0	720	SOFT_TC_NO_FILTER
/Volumes/nas/media/movies/no_kids/Shadow of a Doubt.mkv	mpeg2video	480	30000/1001	24.00	24.00	0	719	SOFT_TC_NO_FILTER
/Volumes/nas/media/movies/no_kids/Shanghai Knights.mkv	mpeg2video	480	30000/1001	24.00	24.00	0	720	SOFT_TC_NO_FILTER
/Volumes/nas/media/movies/no_kids/SHANGHAI NOON.mkv	mpeg2video	480	30000/1001	24.00	24.00	0	720	SOFT_TC_NO_FILTER
/Volumes/nas/media/movies/no_kids/Sherlock Holmes - A Game of Shadows.mkv	mpeg2video	480	30000/1001	24.00	24.00	0	719	SOFT_TC_NO_FILTER
/Volumes/nas/media/movies/no_kids/Sherlock Holmes.mkv	mpeg2video	480	30000/1001	24.06	24.00	18	703	SOFT_TC_NO_FILTER
/Volumes/nas/media/movies/no_kids/Shooter.mkv	mpeg2video	480	30000/1001	24.00	24.00	0	720	SOFT_TC_NO_FILTER
/Volumes/nas/media/movies/no_kids/Signs.mkv	mpeg2video	480	30000/1001	24.00	24.00	0	719	SOFT_TC_NO_FILTER
/Volumes/nas/media/movies/no_kids/Sicario (2015).mp4	h264	800	24000/1001	24.00	24.00	0	720	SOFT_TC_NO_FILTER
/Volumes/nas/media/movies/no_kids/Singin In The Rain.mkv	mpeg2video	480	30000/1001	24.00	24.00	0	718	SOFT_TC_NO_FILTER
/Volumes/nas/media/movies/no_kids/Sleepless In Seatle (1993).mkv	mpeg2video	480	30000/1001	24.00	24.00	0	719	SOFT_TC_NO_FILTER
/Volumes/nas/media/movies/no_kids/Sleepless in Seattle (1993).mkv	mpeg2video	480	30000/1001	30.00	30.00	900	0	INTERLACED_NEEDS_IVTC
/Volumes/nas/media/movies/no_kids/Sleepy Hollow.mkv	mpeg2video	480	30000/1001	24.00	24.00	0	719	SOFT_TC_NO_FILTER
/Volumes/nas/media/movies/no_kids/Smokey and the bandit.mkv	mpeg2video	480	30000/1001	24.00	24.00	0	720	SOFT_TC_NO_FILTER
/Volumes/nas/media/movies/no_kids/Social Network, The.mkv	mpeg2video	480	30000/1001	24.00	24.00	0	593	SOFT_TC_NO_FILTER
/Volumes/nas/media/movies/no_kids/Spaceballs.mkv	mpeg2video	480	30000/1001	24.00	24.00	0	720	SOFT_TC_NO_FILTER
/Volumes/nas/media/movies/no_kids/Speed.mkv	mpeg2video	480	30000/1001	24.00	24.00	0	716	SOFT_TC_NO_FILTER
/Volumes/nas/media/movies/no_kids/Spies Like Us.mkv	mpeg2video	480	30000/1001	24.00	24.00	0	719	SOFT_TC_NO_FILTER
/Volumes/nas/media/movies/no_kids/Stealing Harvard.mkv	mpeg2video	480	30000/1001	24.00	24.00	0	720	SOFT_TC_NO_FILTER
/Volumes/nas/media/movies/no_kids/Starsky and Hutch.mkv	mpeg2video	480	30000/1001	24.00	24.00	0	720	SOFT_TC_NO_FILTER
/Volumes/nas/media/movies/no_kids/Stealth.mkv	mpeg2video	480	30000/1001	24.00	24.00	0	680	SOFT_TC_NO_FILTER
/Volumes/nas/media/movies/no_kids/Superstar (1999).mkv	mpeg2video	480	30000/1001	24.00	24.00	0	699	SOFT_TC_NO_FILTER
/Volumes/nas/media/movies/no_kids/Taking Lives.mkv	mpeg2video	480	30000/1001	24.00	24.00	0	650	SOFT_TC_NO_FILTER
/Volumes/nas/media/movies/no_kids/Taxi Driver.mkv	mpeg2video	480	30000/1001	24.00	24.00	0	645	SOFT_TC_NO_FILTER
/Volumes/nas/media/movies/no_kids/Tenacious D in The Pick of Destiny.mkv	mpeg2video	480	30000/1001	24.00	24.00	0	720	SOFT_TC_NO_FILTER
/Volumes/nas/media/movies/no_kids/Terminator 2 - Judgement Day.mp4	h264	480	30000/1001	30.00	30.00	0	898	TRUE_2997_VIDEO
/Volumes/nas/media/movies/no_kids/TERMINATOR 3.mkv	mpeg2video	480	30000/1001	24.00	24.00	0	720	SOFT_TC_NO_FILTER
/Volumes/nas/media/movies/no_kids/The Benchwarmers.mkv	mpeg2video	480	30000/1001	24.00	24.00	0	706	SOFT_TC_NO_FILTER
/Volumes/nas/media/movies/no_kids/The Big Lebowski.mkv	mpeg2video	480	30000/1001	24.00	24.00	0	696	SOFT_TC_NO_FILTER
/Volumes/nas/media/movies/no_kids/The Birds.mkv	mpeg2video	480	30000/1001	24.00	24.00	0	718	SOFT_TC_NO_FILTER
/Volumes/nas/media/movies/no_kids/The Blues Brothers.mkv	mpeg2video	480	30000/1001	24.00	24.00	0	708	SOFT_TC_NO_FILTER
/Volumes/nas/media/movies/no_kids/The Bone Collector (1999).mkv	mpeg2video	480	30000/1001	24.00	24.00	0	713	SOFT_TC_NO_FILTER
/Volumes/nas/media/movies/no_kids/The Burbs.mkv	mpeg2video	480	30000/1001	24.00	24.00	0	702	SOFT_TC_NO_FILTER
/Volumes/nas/media/movies/no_kids/The Cable Guy.mkv	mpeg2video	480	30000/1001	24.00	24.03	0	720	SOFT_TC_NO_FILTER
/Volumes/nas/media/movies/no_kids/The Da Vinci Code (2006).mkv	mpeg2video	480	30000/1001	24.00	24.00	0	720	SOFT_TC_NO_FILTER
/Volumes/nas/media/movies/no_kids/The Deer Hunter.mkv	mpeg2video	480	30000/1001	30.00	30.00	896	0	INTERLACED_NEEDS_IVTC
/Volumes/nas/media/movies/no_kids/The Fifth Element.mkv	mpeg2video	480	30000/1001	24.03	24.03	0	717	SOFT_TC_NO_FILTER
/Volumes/nas/media/movies/no_kids/The Evil Dead (1981).mkv	mpeg2video	480	30000/1001	24.00	24.00	0	720	SOFT_TC_NO_FILTER
/Volumes/nas/media/movies/no_kids/The Departed (2006).mp4	h264	800	24000/1001	24.00	24.00	0	720	SOFT_TC_NO_FILTER
/Volumes/nas/media/movies/no_kids/The Frighteners.mkv	mpeg2video	480	30000/1001	24.00	24.00	0	720	SOFT_TC_NO_FILTER
/Volumes/nas/media/movies/no_kids/The Godfather (1972).mkv	mpeg2video	480	30000/1001	24.00	24.00	0	718	SOFT_TC_NO_FILTER
/Volumes/nas/media/movies/no_kids/The Fugitive.mkv	mpeg2video	480	30000/1001	24.00	24.00	0	719	SOFT_TC_NO_FILTER
/Volumes/nas/media/movies/no_kids/The Godfather Part 2 (1974).mkv	mpeg2video	480	30000/1001	24.00	24.00	0	718	SOFT_TC_NO_FILTER
/Volumes/nas/media/movies/no_kids/The Godfather Part 3 (1990).mkv	mpeg2video	480	30000/1001	24.00	24.00	0	594	SOFT_TC_NO_FILTER
/Volumes/nas/media/movies/no_kids/The Good, The Bad, and The Ugly.mkv	mpeg2video	480	30000/1001	24.00	24.00	0	684	SOFT_TC_NO_FILTER
/Volumes/nas/media/movies/no_kids/The Great Escape (1963).mkv	mpeg2video	480	30000/1001	24.00	24.00	0	719	SOFT_TC_NO_FILTER
/Volumes/nas/media/movies/no_kids/The Green Mile.mkv	mpeg2video	480	30000/1001	24.00	24.00	0	720	SOFT_TC_NO_FILTER
/Volumes/nas/media/movies/no_kids/The Grinch(2018).mkv	mpeg2video	480	30000/1001	24.00	24.00	0	643	SOFT_TC_NO_FILTER
/Volumes/nas/media/movies/no_kids/The Hateful Eight.mkv	mpeg2video	480	30000/1001	24.00	24.00	0	581	SOFT_TC_NO_FILTER
/Volumes/nas/media/movies/no_kids/The Grudge.mkv	mpeg2video	480	30000/1001	24.00	24.00	0	718	SOFT_TC_NO_FILTER
/Volumes/nas/media/movies/no_kids/The Hudsucker Proxy.mkv	mpeg2video	480	30000/1001	24.00	24.00	0	720	SOFT_TC_NO_FILTER
/Volumes/nas/media/movies/no_kids/The Illusionist (2006).mkv	mpeg2video	480	30000/1001	24.00	24.00	0	720	SOFT_TC_NO_FILTER
/Volumes/nas/media/movies/no_kids/The Kingdom.mkv	mpeg2video	480	30000/1001	24.00	24.00	0	719	SOFT_TC_NO_FILTER
/Volumes/nas/media/movies/no_kids/The Last Dragon.mkv	mpeg2video	480	30000/1001	24.00	24.00	0	718	SOFT_TC_NO_FILTER
/Volumes/nas/media/movies/no_kids/The Longest Yard.mkv	mpeg2video	480	30000/1001	24.00	24.00	0	720	SOFT_TC_NO_FILTER
/Volumes/nas/media/movies/no_kids/The Lost Boys.mkv	mpeg2video	480	30000/1001	24.00	24.00	0	719	SOFT_TC_NO_FILTER
/Volumes/nas/media/movies/no_kids/The Lost World Jurassic Park (1997).mkv	mpeg2video	480	30000/1001	24.00	24.00	0	720	SOFT_TC_NO_FILTER
/Volumes/nas/media/movies/no_kids/The Lost City.mkv	mpeg2video	480	30000/1001	24.00	24.00	0	720	SOFT_TC_NO_FILTER
/Volumes/nas/media/movies/no_kids/The Man in the Iron Mask.mkv	mpeg2video	480	30000/1001	24.00	24.00	0	692	SOFT_TC_NO_FILTER
/Volumes/nas/media/movies/no_kids/The Lovely Bones.mkv	mpeg2video	480	30000/1001	24.00	24.00	0	719	SOFT_TC_NO_FILTER
/Volumes/nas/media/movies/no_kids/The Man Who Knew Too Much (1956).mkv	mpeg2video	480	30000/1001	24.00	24.00	0	647	SOFT_TC_NO_FILTER
/Volumes/nas/media/movies/no_kids/The Matrix Reloaded.mkv	mpeg2video	480	30000/1001	24.00	24.00	0	711	SOFT_TC_NO_FILTER
/Volumes/nas/media/movies/no_kids/The Matrix.mkv	mpeg2video	480	30000/1001	24.00	24.00	0	690	SOFT_TC_NO_FILTER
/Volumes/nas/media/movies/no_kids/The Matrix Revolutions.mkv	mpeg2video	480	30000/1001	24.00	24.00	0	681	SOFT_TC_NO_FILTER
/Volumes/nas/media/movies/no_kids/The Mist.mkv	mpeg2video	480	30000/1001	24.00	24.00	0	720	SOFT_TC_NO_FILTER
/Volumes/nas/media/movies/no_kids/The Mummy (1932) .mkv	mpeg2video	480	30000/1001	24.00	24.00	0	720	SOFT_TC_NO_FILTER
/Volumes/nas/media/movies/no_kids/The Notebook (2004).mp4	h264	544	24000/1001	24.00	24.00	0	719	SOFT_TC_NO_FILTER
/Volumes/nas/media/movies/no_kids/The Orphanage (2007).mkv	mpeg2video	480	30000/1001	24.00	24.00	0	720	SOFT_TC_NO_FILTER
/Volumes/nas/media/movies/no_kids/The Other Guys.mkv	mpeg2video	480	30000/1001	24.00	24.00	0	719	SOFT_TC_NO_FILTER
/Volumes/nas/media/movies/no_kids/The Other Woman.mkv	mpeg2video	480	30000/1001	24.00	24.00	0	701	SOFT_TC_NO_FILTER
/Volumes/nas/media/movies/no_kids/The Prestige (2006).mkv	mpeg2video	480	30000/1001	24.00	24.00	0	720	SOFT_TC_NO_FILTER
/Volumes/nas/media/movies/no_kids/The Protector.mkv	mpeg2video	480	30000/1001	24.00	24.00	0	720	SOFT_TC_NO_FILTER
/Volumes/nas/media/movies/no_kids/The Road to El Dorado.mkv	mpeg2video	480	30000/1001	24.00	24.00	0	719	SOFT_TC_NO_FILTER
/Volumes/nas/media/movies/no_kids/The Rock.mkv	mpeg2video	480	30000/1001	24.00	24.00	0	720	SOFT_TC_NO_FILTER
/Volumes/nas/media/movies/no_kids/The Rundown.mkv	mpeg2video	480	30000/1001	24.00	24.00	0	720	SOFT_TC_NO_FILTER
/Volumes/nas/media/movies/no_kids/The Rocker.mkv	mpeg2video	480	30000/1001	24.00	24.00	0	703	SOFT_TC_NO_FILTER
/Volumes/nas/media/movies/no_kids/The Saratov Approach.mkv	mpeg2video	480	30000/1001	24.00	24.00	0	719	SOFT_TC_NO_FILTER
/Volumes/nas/media/movies/no_kids/The Shawshank Redemption.mkv	mpeg2video	480	30000/1001	24.00	24.00	0	720	SOFT_TC_NO_FILTER
/Volumes/nas/media/movies/no_kids/THE SHINING.mkv	mpeg2video	480	30000/1001	24.00	24.00	0	720	SOFT_TC_NO_FILTER
/Volumes/nas/media/movies/no_kids/The Silence of the Lambs.mkv	mpeg2video	480	30000/1001	24.00	24.00	0	720	SOFT_TC_NO_FILTER
/Volumes/nas/media/movies/no_kids/The Transporter.mkv	mpeg2video	480	30000/1001	24.00	24.00	0	719	SOFT_TC_NO_FILTER
/Volumes/nas/media/movies/no_kids/The Trouble With Harry.mkv	mpeg2video	480	30000/1001	24.33	24.00	4	591	SOFT_TC_NO_FILTER
/Volumes/nas/media/movies/no_kids/The Vow.mkv	mpeg2video	480	30000/1001	24.00	24.00	0	719	SOFT_TC_NO_FILTER
/Volumes/nas/media/movies/no_kids/The Wedding Singer (1998).mkv	mpeg2video	480	30000/1001	24.03	24.00	13	701	SOFT_TC_NO_FILTER
/Volumes/nas/media/movies/no_kids/THE WHOLE TEN YARDS.mkv	mpeg2video	480	30000/1001	24.00	24.00	0	720	SOFT_TC_NO_FILTER
/Volumes/nas/media/movies/no_kids/The Worlds Fastest Indian.mkv	mpeg2video	480	30000/1001	24.00	24.00	0	719	SOFT_TC_NO_FILTER
/Volumes/nas/media/movies/no_kids/There Will Be Blood.mkv	mpeg2video	480	30000/1001	24.00	24.00	0	720	SOFT_TC_NO_FILTER
/Volumes/nas/media/movies/no_kids/The Whole Nine Yards.mp4	h264	720	30000/1001	30.00	30.00	0	900	TRUE_2997_VIDEO
/Volumes/nas/media/movies/no_kids/There's Something About Mary.mkv	mpeg2video	480	30000/1001	24.00	24.00	0	720	SOFT_TC_NO_FILTER
/Volumes/nas/media/movies/no_kids/Tombstone.mkv	mpeg2video	480	30000/1001	24.00	24.00	0	704	SOFT_TC_NO_FILTER
/Volumes/nas/media/movies/no_kids/Tommy Boy.mkv	mpeg2video	480	30000/1001	24.00	24.00	0	720	SOFT_TC_NO_FILTER
/Volumes/nas/media/movies/no_kids/Topaz.mkv	mpeg2video	480	30000/1001	24.00	24.00	0	720	SOFT_TC_NO_FILTER
/Volumes/nas/media/movies/no_kids/Traffic.mkv	mpeg2video	480	30000/1001	24.00	24.00	0	719	SOFT_TC_NO_FILTER
/Volumes/nas/media/movies/no_kids/Torn Curtain.mkv	mpeg2video	480	30000/1001	24.00	24.00	0	704	SOFT_TC_NO_FILTER
/Volumes/nas/media/movies/no_kids/Training Day.mkv	mpeg2video	480	30000/1001	24.00	24.00	0	719	SOFT_TC_NO_FILTER
/Volumes/nas/media/movies/no_kids/Transporter 2 (2005).mkv	mpeg2video	480	30000/1001	24.00	24.00	0	720	SOFT_TC_NO_FILTER
/Volumes/nas/media/movies/no_kids/Trapped in Paradise.mkv	mpeg2video	480	30000/1001	24.00	24.00	0	720	SOFT_TC_NO_FILTER
/Volumes/nas/media/movies/no_kids/Tropic Thunder.mkv	mpeg2video	480	30000/1001	24.00	24.00	0	720	SOFT_TC_NO_FILTER
/Volumes/nas/media/movies/no_kids/Underworld - Rise of the Lycans.mkv	mpeg2video	480	30000/1001	24.00	24.00	0	719	SOFT_TC_NO_FILTER
/Volumes/nas/media/movies/no_kids/Underworld (2003).mkv	mpeg2video	480	30000/1001	24.00	24.00	0	720	SOFT_TC_NO_FILTER
/Volumes/nas/media/movies/no_kids/Underworld Awakening.mkv	mpeg2video	480	30000/1001	24.00	24.00	0	720	SOFT_TC_NO_FILTER
/Volumes/nas/media/movies/no_kids/Underworld Evolution.mkv	mpeg2video	480	30000/1001	24.00	24.00	0	718	SOFT_TC_NO_FILTER
/Volumes/nas/media/movies/no_kids/Underworld- Blood Wars.mkv	mpeg2video	480	30000/1001	24.00	24.00	0	708	SOFT_TC_NO_FILTER
/Volumes/nas/media/movies/no_kids/US Marshals.mkv	mpeg2video	480	30000/1001	24.00	24.00	0	720	SOFT_TC_NO_FILTER
/Volumes/nas/media/movies/no_kids/War of the Worlds (2005).mkv	mpeg2video	480	30000/1001	24.00	24.00	0	636	SOFT_TC_NO_FILTER
/Volumes/nas/media/movies/no_kids/Waynes World 2.mkv	mpeg2video	480	30000/1001	24.00	24.00	0	716	SOFT_TC_NO_FILTER
/Volumes/nas/media/movies/no_kids/Waynes World.mkv	mpeg2video	480	30000/1001	24.00	24.00	0	718	SOFT_TC_NO_FILTER
/Volumes/nas/media/movies/no_kids/What Happens In Vegas.mkv	mpeg2video	480	30000/1001	24.00	24.00	0	720	SOFT_TC_NO_FILTER
/Volumes/nas/media/movies/no_kids/What Lies Beneath.mkv	mpeg2video	480	30000/1001	24.00	24.00	0	510	SOFT_TC_NO_FILTER
/Volumes/nas/media/movies/no_kids/When A Stranger Calls (2006).mkv	mpeg2video	480	30000/1001	24.03	24.00	33	673	SOFT_TC_NO_FILTER
/Volumes/nas/media/movies/no_kids/Without a Paddle.mkv	mpeg2video	480	30000/1001	24.00	24.00	0	670	SOFT_TC_NO_FILTER
/Volumes/nas/media/movies/no_kids/Witness (1985).mkv	mpeg2video	480	30000/1001	24.00	24.00	0	720	SOFT_TC_NO_FILTER
/Volumes/nas/media/movies/no_kids/World War Z.mkv	mpeg2video	480	30000/1001	24.00	24.00	0	719	SOFT_TC_NO_FILTER
/Volumes/nas/media/movies/no_kids/Wrong Turn.mkv	mpeg2video	480	30000/1001	24.00	24.00	0	720	SOFT_TC_NO_FILTER
/Volumes/nas/media/movies/no_kids/X-Men - The Last Stand (2006).mkv	mpeg2video	480	30000/1001	24.00	24.00	0	720	SOFT_TC_NO_FILTER
/Volumes/nas/media/movies/no_kids/X2.mkv	mpeg2video	480	30000/1001	24.00	24.00	0	720	SOFT_TC_NO_FILTER
/Volumes/nas/media/movies/no_kids/XMen Origins Wolverine.mkv	mpeg2video	480	30000/1001	24.00	24.00	0	720	SOFT_TC_NO_FILTER
/Volumes/nas/media/movies/no_kids/XMen.mkv	mpeg2video	480	30000/1001	24.00	24.00	0	713	SOFT_TC_NO_FILTER
/Volumes/nas/media/movies/no_kids/xXx.mkv	mpeg2video	480	30000/1001	24.00	24.00	0	719	SOFT_TC_NO_FILTER
/Volumes/nas/media/movies/no_kids/You Me And Dupree.mkv	mpeg2video	480	30000/1001	24.00	24.00	0	720	SOFT_TC_NO_FILTER
/Volumes/nas/media/movies/no_kids/Young Frankenstein (1974).mkv	mpeg2video	480	30000/1001	24.00	24.00	0	718	SOFT_TC_NO_FILTER
/Volumes/nas/media/movies/no_kids/Zombieland.mkv	mpeg2video	480	30000/1001	24.00	24.00	0	720	SOFT_TC_NO_FILTER
/Volumes/nas/media/movies/no_kids/Zoolander.mkv	mpeg2video	480	30000/1001	24.00	24.00	0	719	SOFT_TC_NO_FILTER
/Volumes/nas/media/movies/no_kids/Zoolander 2.mkv	mpeg2video	480	30000/1001	24.00	24.00	0	719	SOFT_TC_NO_FILTER
/Volumes/nas/media/movies/older_kids/Edge of Tomorrow (2014).mp4	h264	800	24000/1001	24.00	24.00	0	720	SOFT_TC_NO_FILTER
/Volumes/nas/media/movies/older_kids/Mission Impossible - Ghost Protocol.mkv	mpeg2video	480	30000/1001	24.00	24.00	0	719	SOFT_TC_NO_FILTER
/Volumes/nas/media/movies/older_kids/Mission Impossible - Rogue Nation.mkv	mpeg2video	480	30000/1001	24.00	24.00	0	720	SOFT_TC_NO_FILTER
/Volumes/nas/media/movies/older_kids/Kindergarten Cop (1990).mp4	h264	1040	24000/1001	24.00	24.00	0	720	SOFT_TC_NO_FILTER
/Volumes/nas/media/movies/older_kids/Mission Impossible 2.mkv	mpeg2video	480	30000/1001	24.00	24.00	0	720	SOFT_TC_NO_FILTER
/Volumes/nas/media/movies/older_kids/Mission Impossible 3.mkv	mpeg2video	480	30000/1001	24.00	24.00	0	720	SOFT_TC_NO_FILTER
/Volumes/nas/media/movies/older_kids/Mission Impossible.mkv	mpeg2video	480	30000/1001	24.00	24.00	0	720	SOFT_TC_NO_FILTER
/Volumes/nas/media/movies/younger_kids/3 Ninjas (1992).mp4	h264	720	24000/1001	24.00	24.00	0	720	SOFT_TC_NO_FILTER
/Volumes/nas/media/movies/older_kids/School Of Rock (2003).mp4	h264	1080	24000/1001	24.00	24.00	0	720	SOFT_TC_NO_FILTER
/Volumes/nas/media/movies/younger_kids/3 Ninjas - Knuckle Up (1995).mp4	h264	1072	24000/1001	24.00	24.00	0	720	SOFT_TC_NO_FILTER
/Volumes/nas/media/movies/younger_kids/3 Ninjas Kick Back (1994).mp4	h264	1080	24000/1001	24.00	24.00	0	720	SOFT_TC_NO_FILTER
/Volumes/nas/media/movies/younger_kids/Elf.m4v	h264	462	60000/1001	24.00	24.03	0	720	SOFT_TC_NO_FILTER
/Volumes/nas/media/movies/younger_kids/Dennis the Menace (1993).mp4	h264	1072	24000/1001	24.00	24.00	0	720	SOFT_TC_NO_FILTER
/Volumes/nas/media/movies/younger_kids/Flipper (1996).mp4	h264	800	24000/1001	24.00	24.00	0	720	SOFT_TC_NO_FILTER
/Volumes/nas/media/movies/younger_kids/Little Giants (1994).mp4	h264	720	24000/1001	24.00	24.00	0	719	SOFT_TC_NO_FILTER
/Volumes/nas/media/movies/younger_kids/Penguins of Madagascar (2014).m4v	h264	462	60000/1001	24.00	24.00	0	718	SOFT_TC_NO_FILTER
/Volumes/nas/media/movies/younger_kids/Star Wars Episode 4 - A New Hope (1977).m4v	h264	364	60000/1001	24.00	24.00	0	718	SOFT_TC_NO_FILTER
/Volumes/nas/media/movies/younger_kids/Mousehunt (1997).mp4	h264	1072	24000/1001	24.00	24.00	0	719	SOFT_TC_NO_FILTER
/Volumes/nas/media/movies/younger_kids/Paulie (1998).mp4	h264	1072	24000/1001	24.00	24.00	0	720	SOFT_TC_NO_FILTER
/Volumes/nas/media/movies/younger_kids/Star Wars Episode 5 - The Empire Strikes Back (1980).m4v	h264	364	60000/1001	24.00	24.00	0	719	SOFT_TC_NO_FILTER
/Volumes/nas/media/movies/younger_kids/Star Kid (1997).mp4	h264	1080	24/1	24.00	24.00	0	720	SOFT_TC_NO_FILTER
/Volumes/nas/media/movies/younger_kids/Star Wars Episode 6 - Return of the Jedi (1983).m4v	h264	364	60000/1001	24.00	24.00	0	663	SOFT_TC_NO_FILTER
/Volumes/nas/media/movies/younger_kids/The Borrowers (1997).mp4	h264	1040	24000/1001	24.00	24.00	0	720	SOFT_TC_NO_FILTER
/Volumes/nas/media/movies/younger_kids/The Little Rascals (1994).mp4	h264	1040	24000/1001	24.00	20.00	0	720	SOFT_TC_NO_FILTER
